65, 65, 65, 66, 66, 67, 67, 67, 67, 67, 66, 67, 67, 67, 67, 67, 67, 66, 65, 65, 64, 63, 62, 60, 59, 57, 55, 54, 53, 52, 50, 49, 47, 45, 44, 42, 41, 39, 38, 37, 36, 34, 33, 32, 31, 30, 29, 28, 27, 26, 25, 25, 24, 23, 22, 22, 21, 21, 20, 20, 19, 19, 18, 18, 17, 17, 17, 16, 16, 16, 16, 16, 16, 16, 15, 15, 15, 15, 15, 15, 15, 15, 15, 14, 14, 14, 14, 14, 14, 14, 14, 13, 13, 13, 13, 13, 13, 13, 13, 13, 13, 13, 12, 12, 12, 12, 12, 12, 12, 12, 12, 12, 12, 12, 11, 11, 11, 11, 11, 11, 11, 11, 11, 11, 11, 10, 10, 10, 10, 10, 10, 10, 10, 10, 10, 10, 10, 9, 9, 9, 9, 9, 9, 9, 9, 9, 9, 9, 9, 9, 9
  65, 65, 66, 66, 67, 67, 67, 67, 67, 67, 67, 67, 67, 67, 67, 67, 67, 67, 66, 65, 64, 63, 62, 61, 59, 57, 55, 54, 53, 52, 50, 49, 47, 46, 44, 42, 41, 39, 38, 37, 36, 34, 33, 32, 31, 30, 29, 28, 27, 26, 26, 25, 24, 23, 23, 22, 21, 21, 20, 20, 19, 19, 18, 18, 17, 17, 17, 16, 16, 16, 16, 16, 16, 16, 15, 15, 15, 15, 15, 15, 15, 15, 15, 14, 14, 14, 14, 14, 14, 14, 14, 13, 13, 13, 13, 13, 13, 13, 13, 13, 13, 13, 12, 12, 12, 12, 12, 12, 12, 12, 12, 12, 12, 12, 11, 11, 11, 11, 11, 11, 11, 11, 11, 11, 11, 10, 10, 10, 10, 10, 10, 10, 10, 10, 10, 10, 10, 9, 9, 9, 9, 9, 9, 9, 9, 9, 9, 9, 9, 9, 9
  66, 66, 66, 67, 67, 67, 67, 68, 68, 67, 67, 67, 67, 68, 68, 68, 68, 68, 67, 66, 65, 64, 63, 61, 60, 58, 56, 55, 53, 52, 51, 49, 48, 46, 44, 43, 41, 39, 38, 37, 36, 35, 33, 32, 31, 30, 29, 28, 27, 26, 26, 25, 24, 23, 23, 22, 21, 21, 20, 20, 19, 19, 18, 18, 17, 17, 17, 16, 16, 16, 16, 16, 16, 16, 15, 15, 15, 15, 15, 15, 15, 15, 14, 14, 14, 14, 14, 14, 14, 14, 14, 13, 13, 13, 13, 13, 13, 13, 13, 13, 13, 13, 12, 12, 12, 12, 12, 12, 12, 12, 12, 12, 12, 11, 11, 11, 11, 11, 11, 11, 11, 11, 11, 11, 10, 10, 10, 10, 10, 10, 10, 10, 10, 10, 10, 10, 9, 9, 9, 9, 9, 9, 9, 9, 9, 9, 9, 9, 9, 9, 9
  66, 66, 67, 67, 68, 68, 68, 68, 68, 68, 68, 68, 68, 68, 69, 69, 69, 68, 68, 67, 66, 65, 64, 62, 60, 59, 57, 55, 54, 52, 51, 50, 48, 47, 45, 43, 41, 40, 39, 38, 37, 35, 34, 33, 31, 30, 30, 29, 28, 27, 26, 25, 24, 24, 23, 22, 21, 21, 20, 20, 19, 19, 18, 18, 18, 17, 17, 17, 16, 16, 16, 16, 16, 16, 15, 15, 15, 15, 15, 15, 15, 15, 14, 14, 14, 14, 14, 14, 14, 14, 13, 13, 13, 13, 13, 13, 13, 13, 13, 13, 13, 12, 12, 12, 12, 12, 12, 12, 12, 12, 12, 12, 11, 11, 11, 11, 11, 11, 11, 11, 11, 11, 10, 10, 10, 10, 10, 10, 10, 10, 10, 10, 10, 10, 10, 9, 9, 9, 9, 9, 9, 9, 9, 9, 9, 9, 9, 9, 9, 9, 9
  67, 67, 67, 68, 68, 68, 68, 69, 69, 69, 69, 69, 69, 69, 69, 70, 70, 69, 68, 67, 66, 65, 64, 63, 61, 59, 57, 56, 54, 53, 52, 50, 49, 47, 45, 43, 42, 40, 39, 38, 37, 36, 34, 33, 32, 31, 30, 29, 28, 27, 26, 25, 25, 24, 23, 22, 21, 21, 20, 20, 19, 19, 18, 18, 18, 17, 17, 17, 16, 16, 16, 16, 16, 16, 15, 15, 15, 15, 15, 15, 15, 14, 14, 14, 14, 14, 14, 14, 14, 13, 13, 13, 13, 13, 13, 13, 13, 13, 13, 13, 12, 12, 12, 12, 12, 12, 12, 12, 12, 12, 12, 11, 11, 11, 11, 11, 11, 11, 11, 11, 11, 10, 10, 10, 10, 10, 10, 10, 10, 10, 10, 10, 10, 10, 9, 9, 9, 9, 9, 9, 9, 9, 9, 9, 9, 9, 9, 9, 9, 9, 9
  66, 67, 67, 68, 68, 69, 69, 69, 70, 70, 70, 70, 70, 70, 70, 70, 70, 69, 69, 68, 67, 65, 64, 63, 61, 59, 58, 56, 55, 54, 52, 51, 49, 47, 45, 44, 42, 41, 40, 39, 37, 36, 35, 34, 33, 32, 31, 30, 29, 28, 27, 26, 25, 24, 23, 22, 21, 21, 20, 20, 19, 19, 18, 18, 18, 17, 17, 17, 16, 16, 16, 16, 16, 16, 15, 15, 15, 15, 15, 15, 15, 14, 14, 14, 14, 14, 14, 14, 13, 13, 13, 13, 13, 13, 13, 13, 13, 13, 13, 13, 12, 12, 12, 12, 12, 12, 12, 12, 12, 12, 11, 11, 11, 11, 11, 11, 11, 11, 11, 10, 10, 10, 10, 10, 10, 10, 10, 10, 10, 10, 10, 10, 10, 9, 9, 9, 9, 9, 9, 9, 9, 9, 9, 9, 9, 9, 9, 9, 9, 9, 9
  66, 66, 67, 68, 68, 69, 69, 69, 70, 70, 70, 70, 70, 70, 70, 70, 70, 69, 69, 68, 67, 65, 64, 63, 61, 59, 58, 56, 55, 54, 52, 51, 50, 47, 46, 44, 42, 41, 40, 39, 38, 37, 36, 34, 33, 32, 31, 30, 29, 28, 27, 26, 25, 24, 23, 22, 22, 21, 20, 20, 19, 19, 18, 18, 18, 18, 17, 17, 17, 16, 16, 16, 16, 16, 15, 15, 15, 15, 15, 15, 15, 14, 14, 14, 14, 14, 14, 14, 13, 13, 13, 13, 13, 13, 13, 13, 13, 13, 13, 12, 12, 12, 12, 12, 12, 12, 12, 12, 12, 11, 11, 11, 11, 11, 11, 11, 11, 11, 10, 10, 10, 10, 10, 10, 10, 10, 10, 10, 10, 10, 10, 10, 9, 9, 9, 9, 9, 9, 9, 9, 9, 9, 9, 9, 9, 9, 9, 9, 9, 9, 9
  66, 67, 67, 68, 68, 69, 70, 70, 70, 70, 70, 70, 70, 70, 70, 70, 69, 69, 68, 68, 67, 65, 64, 62, 61, 59, 58, 56, 55, 54, 52, 51, 50, 48, 46, 44, 43, 41, 41, 39, 38, 37, 36, 35, 35, 35, 35, 34, 33, 31, 29, 27, 26, 25, 24, 23, 22, 21, 21, 20, 19, 19, 19, 18, 18, 18, 18, 17, 17, 17, 16, 16, 16, 16, 16, 15, 15, 15, 15, 15, 15, 14, 14, 14, 14, 14, 14, 14, 13, 13, 13, 13, 13, 13, 13, 13, 13, 13, 13, 12, 12, 12, 12, 12, 12, 12, 12, 11, 11, 11, 11, 11, 11, 11, 11, 11, 11, 10, 10, 10, 10, 10, 10, 10, 10, 10, 10, 10, 10, 9, 9, 9, 9, 9, 9, 9, 9, 9, 9, 9, 9, 9, 9, 9, 9, 9, 9, 9, 9, 9, 9
  67, 67, 67, 68, 69, 69, 70, 70, 70, 70, 71, 70, 70, 70, 69, 69, 69, 69, 68, 67, 67, 65, 64, 62, 61, 59, 58, 57, 55, 54, 53, 51, 50, 48, 46, 45, 43, 42, 41, 40, 39, 40, 43, 48, 54, 59, 63, 64, 62, 57, 50, 42, 35, 29, 25, 23, 22, 22, 21, 20, 20, 19, 19, 19, 18, 18, 18, 17, 17, 17, 16, 16, 16, 16, 16, 15, 15, 15, 15, 15, 15, 15, 14, 14, 14, 14, 14, 14, 14, 13, 13, 13, 13, 13, 13, 13, 13, 13, 12, 12, 12, 12, 12, 12, 12, 11, 11, 11, 11, 11, 11, 11, 11, 11, 11, 11, 11, 10, 10, 10, 10, 10, 10, 10, 10, 10, 10, 10, 9, 9, 9, 9, 9, 9, 9, 9, 9, 9, 9, 9, 9, 9, 9, 9, 9, 9, 9, 9, 9, 8, 9
  67, 67, 67, 68, 69, 69, 69, 70, 70, 70, 70, 70, 70, 69, 68, 68, 68, 68, 68, 67, 66, 65, 64, 63, 61, 60, 58, 57, 55, 54, 52, 51, 50, 48, 46, 45, 43, 42, 41, 43, 47, 55, 67, 80, 92, 102, 108, 110, 109, 102, 93, 80, 65, 50, 37, 29, 24, 22, 21, 20, 20, 19, 19, 19, 18, 18, 18, 17, 17, 17, 17, 16, 16, 16, 16, 15, 15, 15, 15, 15, 15, 15, 14, 14, 14, 14, 14, 14, 14, 14, 13, 13, 13, 13, 13, 13, 13, 13, 12, 12, 12, 12, 12, 12, 12, 11, 11, 11, 11, 11, 11, 11, 11, 11, 11, 11, 10, 10, 10, 10, 10, 10, 10, 10, 10, 10, 9, 9, 9, 9, 9, 9, 9, 9, 9, 9, 9, 9, 9, 9, 9, 9, 9, 9, 9, 9, 9, 9, 8, 8, 8
  67, 67, 68, 68, 69, 69, 69, 69, 70, 70, 70, 70, 69, 68, 67, 67, 67, 67, 67, 67, 66, 65, 64, 62, 61, 60, 58, 57, 56, 54, 52, 51, 49, 48, 47, 45, 44, 43, 46, 54, 67, 86, 106, 125, 141, 153, 161, 164, 162, 156, 146, 131, 112, 90, 67, 48, 34, 25, 22, 21, 20, 20, 19, 19, 19, 18, 18, 17, 17, 17, 17, 16, 16, 16, 16, 16, 15, 15, 15, 15, 15, 15, 15, 14, 14, 14, 15, 15, 16, 16, 16, 15, 14, 13, 13, 13, 13, 13, 12, 12, 12, 12, 12, 12, 12, 11, 11, 11, 11, 11, 11, 11, 11, 11, 11, 11, 10, 10, 10, 10, 10, 10, 10, 10, 10, 9, 9, 9, 9, 9, 9, 9, 9, 9, 9, 9, 9, 9, 9, 9, 9, 9, 9, 9, 9, 9, 9, 8, 8, 8, 8
  67, 67, 68, 68, 68, 69, 69, 69, 69, 69, 69, 69, 68, 67, 66, 66, 66, 66, 67, 66, 65, 64, 63, 62, 61, 59, 58, 57, 56, 54, 52, 51, 49, 48, 47, 45, 45, 49, 57, 73, 96, 123, 149, 173, 190, 202, 210, 213, 212, 207, 197, 183, 164, 140, 112, 83, 57, 38, 27, 22, 20, 20, 19, 19, 18, 18, 18, 17, 17, 17, 17, 17, 16, 16, 16, 16, 17, 19, 21, 23, 25, 25, 24, 24, 23, 24, 26, 28, 30, 30, 28, 24, 19, 15, 13, 13, 13, 12, 12, 12, 12, 12, 12, 12, 12, 11, 11, 11, 11, 11, 11, 11, 11, 11, 11, 11, 10, 10, 10, 10, 10, 10, 10, 10, 10, 9, 9, 9, 9, 9, 9, 9, 9, 9, 9, 9, 9, 9, 9, 9, 9, 9, 8, 8, 8, 8, 8, 8, 8, 8, 8
  67, 67, 67, 68, 68, 68, 69, 69, 69, 69, 69, 68, 68, 67, 66, 65, 66, 66, 66, 66, 65, 64, 63, 61, 60, 59, 58, 56, 55, 54, 52, 51, 49, 48, 47, 47, 50, 59, 73, 94, 123, 154, 185, 212, 230, 239, 244, 246, 246, 243, 237, 227, 212, 191, 163, 130, 95, 64, 41, 27, 21, 20, 19, 19, 19, 18, 18, 17, 17, 17, 17, 17, 17, 19, 22, 25, 29, 33, 37, 40, 43, 44, 43, 42, 42, 43, 45, 47, 49, 49, 44, 35, 26, 18, 14, 13, 13, 12, 12, 12, 12, 12, 12, 12, 12, 11, 11, 11, 11, 11, 11, 11, 11, 11, 11, 11, 10, 10, 10, 10, 10, 10, 10, 10, 10, 9, 9, 9, 9, 9, 9, 9, 9, 9, 9, 9, 9, 9, 9, 9, 8, 8, 8, 8, 8, 8, 8, 8, 8, 8, 8
  67, 67, 67, 67, 67, 68, 68, 68, 68, 68, 68, 68, 67, 66, 66, 66, 66, 66, 66, 65, 64, 63, 62, 61, 60, 58, 57, 56, 55, 54, 52, 51, 49, 48, 48, 51, 59, 73, 91, 112, 140, 172, 202, 227, 241, 244, 242, 239, 236, 234, 233, 232, 229, 221, 204, 177, 140, 100, 65, 40, 26, 21, 20, 19, 19, 18, 18, 17, 17, 17, 17, 18, 21, 27, 35, 42, 48, 53, 57, 61, 64, 66, 66, 65, 64, 65, 66, 68, 69, 68, 60, 48, 34, 21, 14, 13, 13, 12, 12, 12, 12, 12, 12, 12, 11, 11, 11, 11, 11, 11, 11, 11, 11, 11, 11, 11, 10, 10, 10, 10, 10, 10, 10, 10, 10, 9, 9, 9, 9, 9, 9, 9, 9, 9, 9, 9, 9, 9, 9, 8, 8, 8, 8, 8, 8, 8, 8, 8, 8, 8, 8
  66, 66, 67, 67, 67, 67, 67, 68, 68, 68, 68, 67, 67, 66, 66, 66, 66, 66, 66, 65, 64, 62, 61, 60, 59, 58, 57, 56, 54, 53, 52, 51, 49, 49, 51, 58, 70, 88, 106, 124, 144, 168, 191, 210, 221, 221, 217, 214, 211, 209, 209, 211, 218, 224, 224, 213, 185, 142, 98, 61, 36, 23, 20, 19, 18, 18, 18, 17, 17, 17, 18, 22, 30, 41, 54, 64, 71, 76, 80, 84, 87, 89, 88, 86, 86, 86, 86, 86, 86, 83, 73, 57, 40, 24, 15, 13, 13, 12, 12, 12, 12, 12, 12, 12, 11, 11, 11, 11, 11, 11, 11, 11, 11, 11, 11, 10, 10, 10, 10, 10, 10, 10, 10, 10, 9, 9, 9, 9, 9, 9, 9, 9, 9, 9, 9, 9, 9, 9, 8, 8, 8, 8, 8, 8, 8, 8, 8, 8, 8, 8, 8
  66, 66, 66, 66, 66, 67, 67, 67, 67, 67, 67, 67, 66, 66, 66, 66, 66, 66, 66, 65, 63, 62, 61, 59, 58, 57, 56, 55, 54, 53, 52, 51, 52, 54, 60, 70, 84, 101, 115, 126, 138, 154, 171, 186, 195, 195, 191, 188, 185, 184, 183, 185, 196, 211, 225, 229, 217, 182, 135, 89, 52, 30, 21, 19, 18, 18, 18, 17, 17, 18, 22, 31, 44, 60, 75, 86, 93, 97, 100, 104, 107, 107, 106, 105, 104, 103, 102, 100, 96, 90, 77, 60, 41, 25, 15, 13, 13, 12, 12, 12, 12, 12, 12, 12, 11, 11, 11, 11, 11, 11, 11, 11, 11, 10, 10, 10, 10, 10, 10, 10, 10, 10, 10, 9, 9, 9, 9, 9, 9, 9, 9, 9, 9, 9, 9, 9, 9, 9, 8, 8, 8, 8, 8, 8, 8, 8, 8, 8, 8, 8, 8
  65, 65, 65, 66, 66, 66, 66, 67, 67, 67, 67, 66, 66, 66, 66, 66, 66, 65, 65, 64, 63, 61, 60, 59, 58, 57, 56, 55, 54, 53, 53, 55, 58, 64, 74, 86, 99, 111, 120, 126, 132, 142, 153, 163, 169, 171, 170, 171, 171, 169, 166, 165, 174, 194, 215, 232, 233, 211, 170, 120, 74, 41, 24, 19, 18, 18, 17, 17, 18, 21, 30, 44, 62, 80, 95, 105, 109, 112, 116, 119, 120, 120, 117, 113, 112, 110, 107, 103, 97, 88, 74, 57, 39, 25, 16, 13, 13, 12, 12, 12, 12, 12, 12, 11, 11, 11, 11, 11, 11, 11, 11, 11, 10, 10, 10, 10, 10, 10, 10, 10, 10, 10, 9, 9, 9, 9, 9, 9, 9, 9, 9, 9, 9, 9, 9, 9, 9, 8, 8, 8, 8, 8, 8, 8, 8, 8, 8, 8, 8, 8, 8
  64, 64, 64, 65, 65, 65, 66, 66, 66, 66, 66, 66, 65, 65, 65, 65, 65, 65, 64, 63, 61, 60, 59, 58, 57, 56, 56, 55, 54, 54, 56, 61, 69, 79, 91, 102, 111, 118, 124, 127, 132, 138, 143, 146, 150, 152, 154, 159, 162, 161, 159, 156, 160, 179, 204, 226, 238, 229, 196, 148, 98, 56, 29, 19, 18, 18, 17, 18, 21, 28, 42, 61, 81, 97, 108, 114, 117, 121, 129, 133, 132, 128, 121, 114, 114, 113, 111, 106, 98, 88, 74, 57, 40, 27, 18, 13, 13, 13, 12, 12, 12, 12, 12, 11, 11, 11, 11, 11, 11, 11, 11, 10, 10, 10, 10, 10, 10, 10, 10, 10, 10, 10, 9, 9, 9, 9, 9, 9, 9, 9, 9, 9, 9, 9, 9, 9, 9, 8, 8, 8, 8, 8, 8, 8, 8, 8, 8, 8, 8, 8, 8
  63, 63, 64, 64, 64, 65, 65, 65, 65, 65, 65, 65, 65, 65, 64, 64, 64, 63, 62, 61, 60, 59, 58, 57, 57, 56, 55, 55, 54, 56, 62, 70, 82, 94, 105, 113, 119, 124, 127, 131, 135, 137, 138, 139, 142, 147, 153, 165, 173, 175, 172, 166, 161, 174, 196, 219, 236, 237, 214, 171, 119, 72, 38, 21, 18, 18, 18, 20, 28, 42, 60, 80, 97, 110, 116, 120, 123, 132, 145, 150, 146, 138, 124, 114, 115, 116, 114, 112, 105, 94, 81, 64, 46, 32, 21, 15, 13, 13, 12, 12, 12, 12, 12, 11, 11, 11, 11, 11, 11, 11, 11, 10, 10, 10, 10, 10, 10, 10, 10, 10, 10, 10, 9, 9, 9, 9, 9, 9, 9, 9, 9, 9, 9, 9, 9, 9, 9, 8, 8, 8, 8, 8, 8, 8, 8, 8, 8, 8, 8, 8, 8
  62, 63, 63, 63, 63, 64, 64, 64, 64, 65, 64, 64, 64, 64, 64, 63, 63, 62, 61, 60, 59, 59, 58, 57, 56, 55, 55, 54, 56, 60, 70, 82, 96, 108, 117, 122, 125, 128, 131, 133, 137, 140, 142, 144, 149, 154, 160, 173, 181, 182, 179, 173, 165, 172, 189, 207, 220, 222, 209, 175, 130, 85, 48, 24, 18, 18, 21, 28, 41, 60, 80, 98, 111, 118, 122, 125, 128, 140, 157, 165, 162, 153, 135, 120, 119, 119, 119, 118, 113, 103, 90, 73, 55, 41, 27, 18, 13, 13, 12, 12, 12, 12, 12, 11, 11, 11, 11, 11, 11, 11, 11, 10, 10, 10, 10, 10, 10, 10, 10, 10, 10, 10, 9, 9, 9, 9, 9, 9, 9, 9, 9, 9, 9, 9, 9, 9, 9, 8, 8, 8, 8, 8, 8, 8, 8, 8, 8, 8, 8, 8, 8
  62, 62, 62, 62, 63, 63, 63, 63, 64, 64, 64, 63, 63, 63, 63, 62, 62, 61, 60, 59, 59, 58, 58, 57, 55, 54, 54, 54, 58, 66, 79, 92, 105, 115, 122, 127, 130, 132, 134, 136, 139, 141, 143, 145, 149, 154, 160, 172, 180, 181, 178, 173, 164, 168, 180, 191, 198, 199, 194, 171, 136, 96, 59, 29, 19, 21, 28, 41, 59, 80, 98, 112, 120, 125, 128, 130, 132, 144, 161, 170, 169, 159, 141, 124, 120, 119, 122, 124, 119, 110, 98, 81, 66, 52, 35, 23, 15, 13, 13, 12, 12, 12, 12, 11, 11, 11, 11, 11, 11, 11, 11, 10, 10, 10, 10, 10, 10, 10, 10, 10, 10, 10, 10, 10, 9, 9, 9, 9, 9, 9, 9, 9, 9, 9, 9, 9, 9, 8, 8, 8, 8, 8, 8, 8, 8, 8, 8, 8, 8, 8, 8
  61, 61, 61, 62, 62, 62, 62, 63, 63, 63, 63, 62, 62, 62, 62, 61, 61, 60, 59, 58, 58, 58, 57, 56, 55, 54, 54, 57, 64, 75, 89, 102, 113, 120, 125, 129, 132, 134, 137, 138, 140, 142, 144, 146, 149, 152, 157, 166, 171, 170, 166, 161, 156, 161, 172, 181, 183, 181, 179, 166, 138, 104, 67, 34, 22, 28, 41, 59, 80, 98, 113, 122, 127, 130, 133, 134, 136, 145, 158, 166, 166, 158, 141, 124, 116, 113, 119, 125, 123, 116, 104, 88, 74, 61, 43, 28, 17, 13, 13, 12, 12, 12, 12, 11, 11, 11, 11, 11, 11, 11, 11, 10, 10, 10, 10, 10, 10, 10, 10, 10, 12, 13, 13, 12, 11, 9, 9, 9, 9, 9, 9, 9, 9, 9, 9, 9, 9, 8, 8, 8, 8, 8, 8, 8, 8, 8, 8, 8, 8, 8, 8
  60, 60, 60, 61, 61, 61, 62, 62, 62, 62, 62, 62, 61, 61, 61, 60, 60, 59, 58, 58, 57, 57, 57, 55, 54, 53, 55, 61, 71, 85, 100, 110, 118, 122, 126, 130, 135, 138, 140, 141, 142, 143, 145, 146, 148, 151, 157, 164, 164, 159, 150, 142, 141, 149, 161, 170, 171, 166, 166, 161, 139, 109, 74, 41, 28, 39, 58, 80, 100, 114, 124, 129, 131, 134, 136, 137, 138, 143, 151, 157, 159, 154, 139, 122, 108, 104, 112, 122, 124, 120, 109, 94, 83, 71, 53, 35, 21, 14, 13, 12, 12, 12, 12, 11, 11, 11, 11, 11, 11, 11, 11, 10, 10, 10, 10, 10, 10, 10, 10, 11, 15, 17, 17, 16, 13, 10, 9, 9, 9, 9, 9, 9, 9, 9, 9, 9, 8, 8, 8, 8, 8, 8, 8, 8, 8, 8, 8, 8, 8, 8, 8
  59, 59, 59, 60, 60, 60, 61, 61, 61, 61, 61, 61, 60, 60, 60, 59, 59, 58, 58, 57, 57, 56, 56, 54, 53, 53, 56, 66, 80, 95, 109, 118, 123, 125, 128, 131, 136, 139, 142, 143, 144, 145, 146, 147, 148, 150, 154, 158, 153, 143, 130, 119, 121, 134, 148, 158, 160, 156, 156, 157, 141, 113, 80, 49, 38, 53, 75, 98, 113, 123, 129, 132, 135, 137, 139, 139, 139, 140, 142, 145, 147, 144, 133, 115, 99, 92, 100, 113, 119, 119, 111, 99, 91, 81, 63, 44, 27, 16, 13, 12, 12, 12, 12, 11, 11, 11, 11, 11, 11, 11, 11, 10, 10, 10, 10, 10, 10, 10, 10, 12, 18, 23, 24, 22, 17, 11, 9, 9, 9, 9, 9, 9, 9, 9, 9, 8, 8, 8, 8, 8, 8, 8, 8, 8, 8, 8, 8, 8, 8, 8, 8
  58, 58, 58, 59, 59, 59, 60, 60, 60, 60, 60, 60, 60, 59, 59, 58, 58, 58, 57, 57, 56, 56, 55, 54, 53, 54, 61, 73, 89, 105, 118, 125, 127, 128, 128, 130, 134, 139, 143, 144, 145, 146, 147, 146, 145, 145, 149, 153, 148, 135, 116, 101, 102, 118, 136, 151, 160, 159, 158, 162, 147, 117, 85, 60, 51, 68, 92, 111, 122, 127, 131, 135, 137, 140, 142, 142, 141, 140, 138, 136, 135, 133, 123, 109, 93, 88, 93, 106, 115, 119, 113, 106, 99, 90, 73, 53, 34, 20, 14, 12, 12, 12, 12, 11, 11, 11, 11, 11, 11, 11, 11, 11, 10, 10, 10, 10, 10, 10, 10, 14, 21, 28, 31, 29, 22, 14, 10, 9, 9, 9, 9, 9, 8, 8, 8, 8, 8, 8, 8, 8, 8, 8, 8, 8, 8, 8, 8, 8, 8, 8, 8
  57, 57, 58, 58, 58, 58, 59, 59, 59, 59, 59, 59, 58, 58, 58, 58, 57, 57, 57, 56, 55, 55, 54, 53, 52, 55, 65, 80, 96, 112, 123, 130, 132, 132, 131, 131, 133, 137, 142, 145, 146, 148, 148, 144, 138, 138, 141, 146, 146, 134, 114, 98, 98, 113, 131, 147, 158, 158, 157, 160, 147, 118, 90, 70, 64, 81, 104, 119, 126, 129, 132, 136, 139, 141, 144, 145, 144, 142, 137, 133, 132, 130, 122, 111, 98, 93, 96, 106, 114, 119, 116, 112, 106, 97, 81, 61, 40, 24, 15, 12, 12, 12, 12, 12, 12, 13, 13, 14, 13, 13, 12, 11, 11, 10, 10, 10, 10, 10, 11, 15, 23, 31, 34, 32, 25, 16, 11, 9, 9, 9, 9, 9, 8, 8, 8, 8, 8, 8, 8, 8, 8, 8, 8, 8, 8, 8, 8, 8, 8, 8, 8
  57, 57, 57, 57, 57, 57, 58, 58, 58, 58, 58, 58, 57, 57, 57, 57, 56, 56, 55, 55, 54, 53, 52, 51, 51, 56, 68, 85, 102, 116, 126, 131, 134, 134, 132, 132, 133, 137, 142, 146, 147, 148, 149, 141, 132, 129, 132, 139, 145, 138, 120, 106, 105, 116, 130, 140, 149, 150, 150, 153, 143, 115, 92, 78, 75, 91, 112, 124, 128, 131, 135, 138, 141, 144, 147, 148, 147, 144, 136, 131, 128, 127, 123, 118, 108, 105, 105, 109, 114, 116, 115, 114, 109, 101, 86, 65, 45, 28, 16, 12, 12, 12, 13, 15, 18, 20, 22, 23, 23, 22, 19, 16, 13, 11, 10, 10, 10, 10, 12, 17, 23, 30, 34, 32, 25, 18, 12, 9, 9, 9, 9, 9, 8, 8, 8, 8, 8, 8, 8, 8, 8, 8, 8, 8, 8, 8, 8, 8, 8, 8, 8
  56, 56, 56, 56, 57, 57, 57, 57, 57, 57, 56, 56, 56, 56, 56, 56, 55, 55, 54, 54, 53, 52, 51, 50, 52, 60, 74, 91, 108, 120, 127, 130, 133, 134, 133, 132, 133, 136, 141, 145, 147, 149, 151, 140, 126, 119, 120, 128, 140, 140, 127, 117, 117, 125, 134, 140, 144, 144, 142, 144, 134, 109, 89, 81, 82, 98, 118, 127, 130, 133, 137, 141, 145, 148, 151, 151, 148, 143, 134, 128, 127, 127, 127, 125, 119, 115, 113, 112, 112, 113, 112, 111, 107, 100, 87, 67, 48, 31, 18, 12, 13, 14, 17, 23, 28, 33, 35, 37, 36, 35, 31, 25, 19, 14, 11, 10, 10, 11, 14, 19, 25, 31, 34, 32, 25, 19, 13, 9, 9, 9, 9, 8, 8, 8, 8, 8, 8, 8, 8, 8, 8, 8, 8, 8, 8, 8, 8, 8, 8, 8, 8
  55, 55, 55, 56, 56, 56, 56, 56, 56, 56, 55, 55, 55, 55, 55, 54, 54, 54, 53, 52, 51, 50, 49, 49, 54, 65, 81, 98, 114, 124, 129, 131, 134, 135, 135, 134, 135, 136, 140, 144, 148, 151, 154, 143, 125, 112, 108, 114, 130, 139, 136, 132, 131, 135, 140, 142, 142, 140, 136, 134, 122, 99, 83, 80, 85, 103, 122, 130, 133, 137, 141, 145, 149, 152, 153, 153, 148, 142, 131, 124, 121, 122, 124, 127, 124, 119, 114, 109, 107, 107, 109, 110, 106, 98, 86, 68, 49, 32, 19, 13, 15, 19, 26, 34, 42, 48, 51, 52, 52, 50, 46, 39, 29, 20, 14, 11, 11, 14, 18, 24, 28, 32, 33, 30, 26, 20, 14, 10, 9, 9, 9, 8, 8, 8, 8, 8, 8, 8, 8, 8, 8, 8, 8, 8, 8, 8, 8, 7, 8, 8, 8
  54, 54, 54, 54, 55, 55, 55, 55, 55, 55, 55, 54, 54, 54, 53, 53, 52, 52, 51, 50, 50, 49, 48, 50, 57, 70, 88, 105, 119, 127, 132, 134, 136, 137, 136, 136, 136, 137, 139, 144, 148, 152, 156, 149, 133, 117, 106, 103, 113, 123, 128, 130, 133, 137, 140, 140, 138, 132, 125, 119, 106, 86, 74, 75, 85, 105, 125, 133, 137, 140, 143, 147, 152, 156, 157, 155, 148, 139, 126, 118, 114, 114, 114, 116, 114, 110, 106, 103, 104, 107, 110, 110, 105, 96, 85, 67, 49, 32, 20, 15, 20, 28, 38, 49, 58, 62, 65, 66, 65, 64, 61, 53, 42, 30, 20, 14, 13, 16, 22, 28, 32, 33, 33, 30, 26, 21, 16, 12, 10, 9, 9, 8, 8, 8, 8, 8, 8, 8, 8, 8, 8, 8, 8, 8, 8, 8, 7, 7, 7, 8, 8
  53, 53, 53, 53, 54, 54, 54, 54, 54, 54, 54, 53, 53, 52, 52, 52, 51, 50, 50, 49, 48, 47, 48, 52, 63, 78, 96, 112, 124, 131, 136, 137, 138, 137, 136, 135, 135, 136, 138, 143, 148, 154, 159, 157, 146, 131, 116, 107, 107, 110, 114, 117, 123, 130, 137, 138, 134, 125, 115, 105, 91, 73, 64, 69, 84, 106, 126, 135, 138, 141, 145, 149, 155, 159, 160, 157, 147, 137, 124, 118, 115, 116, 116, 117, 115, 112, 108, 106, 108, 110, 112, 111, 105, 95, 84, 67, 49, 32, 21, 20, 28, 40, 52, 63, 71, 75, 78, 78, 78, 76, 72, 65, 55, 41, 29, 20, 18, 21, 27, 32, 35, 35, 34, 32, 28, 24, 19, 14, 11, 9, 9, 8, 8, 8, 8, 8, 8, 8, 8, 8, 8, 8, 8, 8, 8, 8, 7, 7, 7, 8, 8
  51, 51, 51, 52, 52, 53, 53, 53, 53, 53, 52, 52, 52, 51, 51, 50, 50, 49, 49, 48, 47, 46, 48, 56, 69, 85, 102, 117, 126, 132, 137, 138, 138, 137, 136, 136, 136, 138, 140, 144, 149, 155, 160, 163, 158, 146, 131, 118, 111, 110, 113, 117, 123, 130, 136, 137, 133, 123, 110, 97, 80, 63, 56, 64, 82, 106, 125, 134, 137, 141, 144, 149, 155, 159, 160, 157, 147, 136, 125, 120, 119, 121, 123, 123, 121, 119, 115, 114, 116, 117, 117, 114, 106, 96, 85, 68, 49, 33, 25, 27, 40, 54, 66, 74, 79, 84, 85, 85, 84, 81, 77, 73, 65, 53, 39, 29, 26, 28, 34, 39, 40, 38, 36, 33, 31, 26, 21, 16, 11, 9, 9, 9, 8, 8, 8, 8, 8, 8, 8, 8, 8, 8, 8, 8, 8, 8, 7, 7, 8, 8, 8
  50, 50, 50, 50, 51, 51, 51, 52, 52, 52, 51, 51, 51, 51, 50, 49, 49, 48, 48, 47, 46, 45, 49, 59, 74, 91, 107, 118, 126, 132, 136, 138, 139, 139, 139, 139, 140, 142, 145, 149, 152, 156, 160, 164, 165, 160, 149, 136, 126, 120, 119, 122, 127, 132, 136, 137, 133, 123, 110, 93, 73, 55, 50, 59, 80, 106, 125, 135, 138, 141, 144, 148, 152, 154, 154, 151, 143, 134, 126, 125, 126, 130, 133, 133, 131, 128, 125, 124, 124, 124, 122, 118, 108, 98, 85, 67, 48, 34, 29, 36, 51, 66, 76, 81, 84, 89, 92, 92, 90, 86, 80, 78, 73, 63, 50, 40, 35, 36, 42, 46, 46, 44, 39, 36, 32, 27, 21, 16, 12, 9, 9, 9, 8, 8, 8, 8, 8, 8, 8, 8, 8, 8, 8, 8, 8, 8, 8, 8, 8, 8, 8
  49, 49, 49, 49, 50, 50, 50, 51, 51, 50, 50, 50, 50, 50, 49, 49, 48, 47, 47, 46, 45, 45, 51, 63, 79, 95, 110, 118, 124, 128, 132, 135, 137, 139, 141, 143, 145, 147, 150, 152, 154, 157, 161, 165, 168, 168, 163, 155, 146, 136, 131, 130, 133, 137, 140, 140, 135, 125, 111, 92, 69, 52, 45, 56, 77, 104, 124, 135, 139, 142, 145, 149, 151, 151, 150, 146, 140, 133, 130, 133, 139, 145, 148, 146, 141, 138, 136, 135, 134, 131, 126, 119, 108, 97, 83, 64, 46, 35, 34, 45, 62, 76, 84, 87, 88, 93, 95, 96, 93, 88, 81, 79, 76, 69, 58, 50, 45, 45, 49, 53, 53, 51, 45, 39, 32, 25, 19, 15, 11, 9, 9, 9, 9, 8, 8, 8, 8, 8, 8, 8, 8, 8, 8, 8, 8, 8, 8, 8, 8, 8, 8
  49, 49, 49, 49, 49, 49, 50, 50, 50, 50, 49, 49, 49, 49, 48, 48, 47, 46, 46, 45, 44, 46, 54, 68, 83, 99, 110, 117, 121, 125, 128, 132, 136, 141, 146, 149, 151, 154, 156, 157, 160, 161, 164, 166, 168, 169, 169, 167, 163, 157, 152, 149, 149, 148, 148, 144, 137, 127, 115, 97, 74, 55, 45, 55, 77, 105, 124, 136, 139, 143, 146, 149, 148, 146, 143, 139, 136, 134, 135, 140, 149, 156, 159, 156, 151, 144, 139, 135, 132, 128, 122, 114, 103, 91, 76, 58, 44, 35, 38, 51, 68, 82, 89, 91, 92, 96, 97, 97, 95, 89, 81, 78, 74, 70, 63, 57, 53, 51, 52, 55, 55, 54, 48, 41, 32, 22, 16, 12, 10, 9, 9, 9, 8, 8, 8, 8, 8, 8, 8, 8, 8, 8, 8, 8, 8, 8, 8, 8, 8, 8, 8
  48, 48, 48, 48, 48, 48, 49, 49, 49, 49, 48, 48, 48, 48, 47, 47, 46, 45, 45, 44, 43, 48, 59, 73, 89, 103, 111, 116, 120, 124, 127, 131, 137, 145, 151, 156, 159, 160, 161, 162, 165, 166, 169, 170, 170, 170, 169, 168, 167, 165, 163, 160, 158, 155, 151, 147, 139, 132, 121, 105, 81, 61, 47, 55, 77, 105, 125, 138, 141, 144, 146, 147, 145, 142, 138, 135, 134, 134, 137, 144, 153, 157, 157, 152, 144, 135, 131, 128, 125, 121, 116, 106, 95, 83, 68, 53, 42, 37, 42, 56, 72, 86, 93, 95, 95, 96, 96, 96, 93, 87, 79, 74, 70, 67, 65, 62, 58, 53, 51, 52, 52, 52, 47, 39, 29, 19, 12, 10, 9, 8, 8, 8, 8, 8, 8, 8, 8, 8, 8, 8, 8, 8, 8, 8, 8, 8, 8, 8, 8, 8, 8
  48, 48, 48, 48, 48, 48, 48, 48, 48, 47, 47, 47, 47, 46, 46, 46, 45, 44, 44, 43, 43, 49, 62, 79, 95, 107, 113, 117, 120, 125, 129, 134, 140, 148, 155, 161, 164, 165, 165, 166, 169, 173, 175, 175, 175, 173, 172, 169, 167, 164, 161, 159, 158, 156, 152, 148, 142, 137, 129, 114, 90, 67, 50, 55, 77, 107, 127, 141, 144, 146, 148, 148, 145, 140, 136, 132, 132, 134, 140, 148, 155, 158, 155, 149, 140, 131, 126, 122, 118, 115, 108, 98, 86, 74, 60, 48, 41, 38, 44, 59, 75, 88, 97, 98, 97, 96, 96, 95, 93, 88, 79, 70, 65, 64, 65, 64, 61, 53, 47, 44, 44, 45, 42, 35, 26, 16, 10, 9, 8, 8, 8, 8, 8, 8, 8, 8, 8, 8, 8, 8, 8, 8, 8, 8, 8, 8, 8, 8, 8, 8, 8
  47, 47, 47, 47, 47, 47, 47, 47, 46, 46, 46, 46, 46, 45, 45, 44, 44, 43, 43, 42, 43, 52, 66, 84, 100, 111, 116, 119, 121, 126, 131, 136, 142, 149, 156, 162, 166, 169, 171, 173, 175, 179, 181, 182, 182, 180, 177, 173, 168, 164, 162, 159, 158, 155, 150, 146, 142, 140, 135, 121, 96, 71, 52, 55, 78, 107, 129, 143, 146, 149, 151, 150, 148, 143, 139, 136, 137, 139, 144, 150, 155, 156, 152, 146, 137, 128, 122, 117, 112, 108, 101, 92, 80, 68, 56, 47, 41, 39, 47, 62, 77, 91, 100, 101, 100, 98, 96, 94, 92, 87, 78, 70, 65, 63, 65, 66, 63, 54, 44, 36, 33, 33, 31, 27, 21, 14, 9, 8, 8, 8, 8, 8, 8, 8, 8, 8, 8, 8, 8, 8, 8, 8, 8, 7, 7, 7, 7, 8, 8, 8, 8
  46, 46, 46, 46, 46, 46, 46, 46, 45, 45, 45, 45, 44, 44, 44, 43, 43, 42, 42, 41, 43, 53, 69, 88, 105, 115, 118, 121, 124, 128, 133, 138, 143, 149, 156, 162, 168, 173, 177, 179, 181, 183, 183, 184, 185, 184, 181, 176, 170, 166, 163, 161, 159, 155, 149, 145, 144, 143, 139, 123, 96, 69, 50, 55, 79, 108, 129, 144, 148, 152, 154, 153, 150, 144, 140, 139, 141, 142, 146, 151, 154, 153, 150, 143, 133, 125, 118, 112, 106, 102, 96, 89, 80, 70, 58, 50, 44, 41, 50, 65, 81, 95, 104, 104, 103, 101, 98, 95, 93, 88, 80, 73, 68, 66, 67, 68, 65, 56, 44, 33, 26, 23, 22, 19, 16, 12, 9, 8, 8, 8, 8, 8, 8, 8, 8, 8, 8, 8, 8, 8, 8, 8, 8, 7, 7, 7, 7, 8, 8, 8, 8
  45, 45, 45, 45, 45, 45, 45, 45, 44, 44, 44, 44, 44, 43, 43, 43, 42, 42, 41, 39, 42, 53, 70, 89, 106, 116, 119, 122, 125, 129, 135, 141, 146, 152, 157, 163, 169, 175, 180, 183, 184, 185, 185, 186, 187, 186, 184, 180, 174, 169, 166, 162, 159, 156, 151, 148, 147, 145, 137, 117, 88, 61, 45, 53, 78, 107, 129, 145, 151, 156, 159, 158, 154, 148, 144, 143, 144, 145, 148, 151, 152, 151, 148, 141, 133, 126, 120, 114, 110, 106, 101, 96, 89, 78, 65, 54, 46, 44, 54, 69, 86, 99, 108, 108, 106, 105, 101, 96, 91, 85, 79, 73, 70, 68, 69, 71, 69, 60, 48, 36, 26, 21, 17, 15, 12, 10, 8, 8, 8, 8, 8, 8, 8, 8, 8, 8, 8, 8, 8, 8, 8, 8, 8, 7, 7, 7, 7, 7, 7, 7, 8
  44, 44, 44, 44, 45, 44, 44, 44, 43, 43, 43, 43, 43, 43, 42, 42, 41, 41, 39, 38, 42, 53, 69, 88, 105, 114, 118, 121, 124, 129, 137, 144, 150, 154, 158, 162, 168, 175, 181, 185, 186, 187, 186, 186, 186, 184, 183, 181, 177, 172, 168, 164, 162, 160, 156, 153, 148, 142, 128, 104, 75, 52, 41, 54, 81, 109, 130, 145, 151, 156, 160, 160, 157, 152, 148, 148, 148, 149, 152, 152, 152, 150, 146, 140, 134, 128, 124, 122, 119, 115, 112, 106, 97, 85, 71, 57, 47, 46, 58, 75, 91, 105, 112, 111, 110, 109, 105, 99, 92, 84, 77, 73, 72, 72, 74, 76, 74, 66, 55, 42, 30, 21, 15, 11, 10, 9, 8, 8, 8, 8, 8, 8, 8, 8, 8, 8, 8, 8, 8, 8, 8, 8, 8, 8, 7, 7, 7, 7, 7, 7, 7
  43, 43, 43, 44, 44, 43, 43, 43, 43, 42, 42, 42, 42, 42, 41, 41, 40, 39, 38, 37, 43, 55, 71, 89, 104, 112, 115, 119, 123, 128, 136, 144, 151, 155, 159, 163, 168, 174, 181, 186, 187, 187, 186, 185, 184, 183, 183, 182, 180, 177, 173, 169, 167, 165, 161, 156, 148, 136, 116, 89, 61, 43, 39, 58, 86, 113, 134, 146, 152, 157, 160, 162, 160, 157, 155, 153, 153, 154, 155, 156, 155, 152, 148, 143, 140, 137, 136, 136, 132, 126, 121, 112, 102, 88, 72, 57, 48, 50, 65, 82, 99, 111, 116, 115, 114, 113, 110, 103, 95, 87, 80, 76, 76, 78, 80, 82, 79, 71, 61, 49, 35, 25, 16, 10, 8, 8, 8, 8, 8, 8, 8, 8, 8, 8, 8, 8, 8, 8, 8, 8, 8, 8, 8, 8, 7, 7, 7, 7, 7, 7, 7
  42, 42, 42, 43, 43, 43, 42, 42, 42, 42, 41, 41, 41, 41, 40, 40, 39, 38, 36, 35, 42, 55, 71, 89, 103, 110, 113, 117, 121, 127, 135, 144, 152, 157, 161, 164, 168, 172, 178, 183, 186, 187, 186, 184, 182, 181, 182, 183, 181, 179, 176, 172, 170, 168, 163, 156, 143, 127, 103, 75, 50, 36, 38, 61, 91, 119, 138, 150, 154, 157, 160, 163, 162, 161, 159, 157, 157, 158, 160, 161, 162, 161, 159, 158, 156, 155, 155, 154, 146, 137, 126, 114, 103, 88, 71, 57, 51, 56, 74, 91, 107, 117, 120, 119, 117, 116, 113, 107, 100, 92, 85, 81, 81, 83, 86, 88, 84, 76, 67, 55, 42, 30, 19, 10, 8, 8, 8, 8, 8, 8, 8, 8, 8, 8, 8, 8, 8, 8, 8, 8, 8, 8, 8, 8, 7, 7, 7, 7, 7, 7, 7
  41, 41, 42, 42, 42, 42, 42, 41, 41, 41, 41, 40, 40, 40, 39, 39, 38, 36, 34, 34, 41, 54, 71, 89, 101, 108, 112, 115, 119, 126, 134, 143, 151, 157, 160, 164, 167, 171, 177, 182, 186, 187, 185, 183, 181, 181, 182, 184, 182, 180, 176, 172, 169, 167, 160, 150, 134, 115, 89, 62, 41, 31, 39, 65, 97, 126, 146, 155, 159, 162, 165, 167, 167, 165, 163, 161, 163, 166, 170, 173, 176, 177, 177, 178, 177, 176, 174, 170, 157, 144, 130, 115, 102, 87, 69, 56, 54, 64, 84, 102, 115, 122, 123, 122, 121, 119, 116, 111, 106, 99, 93, 90, 89, 90, 92, 93, 87, 80, 73, 61, 47, 34, 21, 11, 9, 8, 8, 8, 8, 8, 8, 8, 8, 8, 8, 8, 8, 8, 8, 8, 8, 8, 8, 8, 7, 7, 7, 7, 7, 7, 7
  41, 41, 41, 41, 41, 41, 41, 41, 41, 40, 40, 40, 39, 39, 38, 38, 37, 35, 31, 32, 39, 52, 70, 88, 100, 108, 112, 115, 120, 126, 133, 142, 149, 153, 157, 161, 165, 170, 176, 181, 184, 185, 183, 181, 180, 181, 182, 185, 183, 181, 176, 171, 167, 162, 153, 140, 123, 102, 76, 52, 34, 27, 40, 69, 102, 130, 151, 158, 162, 166, 170, 173, 175, 175, 175, 175, 178, 182, 186, 190, 193, 195, 196, 197, 195, 191, 186, 177, 159, 144, 128, 113, 101, 86, 68, 57, 59, 72, 93, 111, 123, 127, 127, 126, 125, 123, 120, 117, 113, 108, 104, 102, 100, 99, 99, 97, 90, 83, 75, 63, 48, 35, 21, 11, 9, 8, 8, 8, 8, 8, 8, 8, 8, 8, 8, 8, 8, 8, 8, 8, 8, 8, 8, 7, 7, 7, 7, 7, 7, 7, 7
  40, 40, 40, 40, 40, 40, 40, 40, 40, 40, 40, 39, 39, 38, 37, 37, 36, 33, 29, 29, 36, 49, 67, 86, 99, 108, 113, 116, 120, 127, 133, 141, 148, 152, 156, 159, 163, 169, 174, 178, 181, 181, 178, 176, 176, 178, 180, 183, 182, 179, 174, 168, 162, 154, 143, 130, 112, 90, 65, 43, 28, 24, 41, 70, 104, 133, 155, 164, 171, 176, 181, 185, 187, 188, 189, 190, 194, 199, 204, 210, 213, 215, 214, 212, 208, 201, 193, 179, 158, 142, 127, 114, 103, 88, 70, 60, 65, 81, 103, 120, 130, 132, 132, 131, 130, 128, 125, 122, 118, 115, 112, 110, 107, 104, 102, 98, 90, 84, 76, 63, 49, 35, 20, 11, 9, 8, 8, 8, 8, 8, 8, 8, 8, 8, 8, 8, 8, 8, 8, 8, 8, 8, 7, 7, 7, 7, 7, 7, 7, 7, 7
  39, 39, 39, 39, 40, 40, 40, 40, 40, 39, 39, 38, 38, 37, 37, 36, 35, 31, 27, 27, 33, 46, 63, 82, 95, 105, 112, 117, 121, 127, 133, 141, 148, 153, 156, 158, 161, 165, 171, 176, 179, 179, 176, 174, 173, 175, 177, 178, 176, 174, 169, 164, 155, 145, 132, 118, 100, 78, 55, 35, 22, 22, 41, 71, 104, 135, 159, 171, 180, 186, 192, 196, 199, 201, 202, 204, 208, 214, 219, 224, 226, 226, 223, 218, 212, 203, 193, 176, 157, 142, 130, 118, 106, 90, 70, 62, 70, 88, 110, 127, 135, 135, 134, 133, 133, 131, 130, 128, 125, 121, 117, 113, 110, 106, 103, 98, 91, 84, 75, 62, 47, 32, 18, 11, 9, 9, 8, 8, 8, 8, 8, 8, 8, 8, 8, 8, 8, 8, 8, 8, 8, 8, 7, 7, 7, 7, 7, 7, 7, 7, 7
  39, 39, 39, 39, 39, 39, 39, 39, 39, 39, 38, 38, 37, 37, 36, 35, 33, 29, 25, 25, 31, 43, 60, 77, 91, 101, 109, 116, 121, 126, 131, 138, 144, 148, 152, 154, 158, 163, 170, 175, 177, 176, 174, 172, 171, 172, 172, 171, 168, 166, 160, 154, 145, 134, 120, 106, 88, 67, 46, 28, 19, 22, 43, 74, 108, 140, 165, 178, 189, 196, 202, 207, 210, 213, 215, 217, 220, 224, 229, 233, 234, 230, 224, 217, 210, 201, 191, 174, 156, 143, 132, 121, 108, 89, 69, 63, 74, 95, 118, 134, 140, 139, 137, 136, 135, 135, 136, 135, 132, 129, 124, 118, 114, 109, 104, 95, 87, 80, 70, 57, 42, 28, 16, 10, 9, 9, 8, 8, 8, 8, 8, 8, 8, 8, 8, 8, 8, 8, 8, 8, 8, 7, 7, 7, 7, 7, 7, 7, 7, 7, 7
  38, 38, 38, 38, 39, 39, 39, 39, 38, 38, 38, 37, 37, 36, 35, 34, 32, 27, 24, 22, 28, 39, 54, 71, 86, 97, 106, 113, 118, 121, 126, 132, 138, 143, 148, 150, 154, 158, 163, 166, 167, 167, 167, 168, 167, 167, 165, 161, 156, 153, 147, 141, 132, 121, 107, 92, 74, 55, 38, 23, 18, 23, 45, 76, 112, 145, 172, 186, 197, 204, 209, 214, 217, 220, 222, 223, 224, 226, 230, 232, 232, 228, 222, 216, 210, 201, 190, 173, 156, 144, 135, 124, 109, 88, 68, 65, 78, 101, 124, 140, 143, 141, 139, 137, 136, 136, 138, 138, 138, 135, 130, 123, 117, 111, 105, 94, 85, 74, 62, 49, 36, 22, 13, 10, 9, 9, 8, 8, 8, 8, 8, 8, 8, 8, 8, 8, 8, 8, 8, 7, 7, 7, 7, 7, 7, 7, 7, 7, 7, 7, 7
  38, 38, 38, 38, 38, 38, 38, 38, 38, 37, 37, 36, 36, 35, 35, 33, 30, 26, 22, 21, 25, 35, 48, 63, 78, 90, 101, 108, 112, 114, 118, 123, 131, 138, 142, 145, 148, 152, 156, 159, 159, 157, 157, 159, 159, 158, 156, 151, 144, 139, 132, 125, 116, 107, 95, 80, 62, 45, 30, 19, 17, 24, 45, 76, 113, 148, 177, 193, 204, 210, 215, 217, 219, 220, 220, 220, 222, 224, 228, 231, 230, 226, 220, 215, 209, 202, 191, 175, 159, 148, 138, 126, 107, 85, 65, 65, 81, 106, 130, 144, 146, 144, 141, 139, 137, 137, 138, 138, 139, 137, 133, 128, 121, 114, 108, 96, 85, 72, 57, 41, 29, 18, 11, 9, 9, 9, 8, 8, 8, 8, 8, 8, 8, 8, 8, 8, 8, 8, 7, 7, 7, 7, 7, 7, 7, 7, 7, 7, 7, 7, 7
  38, 38, 38, 38, 38, 38, 37, 37, 37, 36, 36, 36, 35, 35, 34, 32, 29, 24, 21, 20, 23, 30, 39, 52, 66, 79, 90, 98, 102, 104, 106, 110, 117, 123, 128, 132, 138, 144, 150, 152, 152, 150, 150, 150, 149, 146, 144, 140, 134, 128, 120, 112, 103, 94, 83, 67, 50, 35, 23, 16, 17, 24, 45, 77, 114, 149, 177, 193, 204, 211, 215, 218, 220, 221, 221, 220, 221, 224, 226, 228, 227, 223, 218, 214, 208, 201, 189, 174, 158, 148, 138, 124, 103, 79, 61, 65, 82, 109, 132, 144, 146, 144, 142, 141, 140, 139, 139, 139, 139, 138, 135, 130, 124, 118, 111, 100, 87, 70, 51, 34, 22, 13, 10, 9, 9, 9, 8, 8, 8, 8, 8, 8, 8, 8, 8, 8, 8, 8, 7, 7, 7, 7, 7, 7, 7, 7, 7, 7, 7, 7, 7
  37, 37, 37, 37, 37, 37, 37, 36, 36, 35, 35, 35, 34, 34, 33, 31, 27, 23, 20, 19, 22, 25, 31, 40, 52, 63, 75, 83, 87, 90, 92, 96, 101, 106, 111, 117, 124, 132, 139, 140, 140, 136, 134, 133, 133, 130, 129, 126, 121, 115, 108, 99, 90, 82, 71, 56, 40, 27, 19, 14, 17, 24, 45, 75, 112, 147, 176, 192, 204, 211, 216, 218, 220, 222, 221, 221, 222, 224, 226, 228, 228, 224, 218, 212, 205, 195, 182, 167, 152, 141, 129, 114, 92, 70, 56, 62, 82, 109, 132, 144, 146, 146, 144, 143, 142, 141, 140, 139, 139, 137, 135, 132, 127, 121, 115, 104, 89, 69, 48, 29, 18, 11, 9, 9, 9, 8, 8, 8, 8, 8, 8, 8, 8, 8, 8, 8, 8, 8, 8, 8, 7, 7, 7, 7, 7, 7, 7, 7, 7, 7, 7
  36, 36, 36, 36, 36, 36, 35, 35, 35, 34, 34, 34, 33, 33, 32, 30, 26, 22, 20, 19, 21, 22, 25, 29, 36, 46, 56, 65, 71, 75, 78, 81, 85, 92, 98, 104, 111, 116, 121, 122, 121, 116, 114, 112, 113, 111, 111, 109, 106, 101, 96, 88, 79, 69, 57, 43, 30, 21, 16, 14, 16, 23, 44, 74, 111, 146, 174, 191, 203, 211, 216, 219, 221, 222, 223, 222, 222, 224, 226, 229, 228, 225, 217, 208, 198, 186, 172, 156, 139, 126, 113, 97, 78, 59, 49, 57, 78, 105, 127, 140, 144, 145, 145, 144, 143, 142, 141, 139, 138, 136, 134, 131, 127, 122, 118, 108, 92, 70, 46, 26, 15, 9, 9, 9, 8, 8, 8, 8, 8, 8, 8, 8, 8, 8, 8, 8, 8, 8, 8, 8, 7, 7, 7, 7, 7, 7, 7, 7, 7, 7, 7
  35, 35, 35, 35, 35, 35, 34, 34, 34, 33, 33, 32, 32, 32, 31, 29, 25, 21, 19, 19, 21, 22, 22, 22, 24, 29, 37, 46, 54, 60, 64, 68, 71, 77, 83, 89, 95, 99, 102, 102, 101, 97, 93, 91, 91, 90, 91, 90, 88, 84, 81, 75, 66, 55, 43, 31, 22, 17, 15, 14, 16, 23, 43, 73, 109, 143, 171, 188, 200, 209, 214, 218, 221, 223, 224, 224, 223, 224, 226, 228, 228, 224, 214, 202, 187, 171, 153, 134, 117, 105, 93, 79, 63, 49, 42, 54, 76, 102, 122, 133, 136, 139, 140, 142, 143, 142, 141, 139, 137, 135, 133, 130, 126, 121, 116, 106, 91, 68, 45, 24, 14, 9, 9, 8, 8, 8, 8, 8, 8, 8, 8, 8, 8, 8, 8, 8, 8, 8, 8, 8, 8, 7, 7, 7, 7, 7, 7, 7, 7, 7, 7
  34, 34, 34, 34, 34, 33, 33, 33, 32, 32, 32, 31, 31, 31, 30, 27, 24, 20, 19, 19, 22, 22, 21, 18, 16, 17, 22, 30, 38, 46, 52, 57, 60, 65, 70, 74, 79, 80, 79, 77, 76, 72, 71, 70, 71, 70, 70, 69, 68, 66, 65, 61, 54, 43, 32, 23, 17, 15, 15, 15, 16, 23, 43, 74, 110, 144, 170, 187, 199, 208, 215, 219, 222, 225, 226, 225, 223, 222, 222, 222, 217, 209, 195, 179, 161, 143, 125, 109, 94, 84, 76, 65, 52, 41, 39, 53, 77, 102, 121, 129, 130, 131, 131, 132, 133, 134, 136, 136, 135, 132, 129, 125, 121, 117, 113, 103, 87, 65, 42, 22, 12, 9, 9, 8, 8, 8, 8, 8, 8, 8, 8, 8, 8, 8, 8, 8, 8, 8, 8, 8, 8, 7, 7, 7, 7, 7, 7, 7, 7, 7, 7
  33, 33, 33, 32, 32, 32, 32, 31, 31, 31, 30, 30, 30, 29, 28, 26, 23, 20, 19, 19, 22, 22, 21, 17, 14, 13, 15, 20, 28, 35, 42, 47, 52, 56, 60, 63, 64, 61, 58, 55, 53, 50, 51, 51, 53, 54, 55, 54, 52, 51, 51, 47, 41, 33, 24, 18, 15, 15, 16, 16, 16, 22, 43, 73, 109, 144, 170, 186, 199, 208, 215, 219, 222, 223, 223, 220, 216, 213, 210, 205, 197, 184, 167, 149, 133, 118, 105, 92, 82, 74, 67, 57, 46, 36, 37, 54, 79, 104, 122, 129, 129, 129, 128, 128, 129, 129, 129, 129, 127, 125, 122, 118, 115, 112, 110, 102, 85, 63, 39, 21, 12, 9, 9, 8, 8, 8, 8, 8, 8, 8, 8, 8, 8, 8, 8, 8, 8, 8, 8, 8, 8, 7, 7, 7, 7, 7, 7, 7, 7, 7, 7
  31, 31, 31, 31, 31, 31, 30, 30, 30, 30, 29, 29, 29, 29, 28, 25, 22, 19, 18, 19, 21, 22, 21, 17, 14, 12, 12, 15, 20, 26, 32, 37, 42, 46, 48, 50, 49, 47, 44, 41, 40, 39, 40, 40, 41, 42, 42, 42, 41, 41, 40, 36, 31, 24, 19, 15, 15, 16, 17, 17, 16, 23, 43, 73, 107, 141, 167, 183, 197, 207, 213, 215, 215, 212, 210, 207, 203, 200, 195, 187, 175, 158, 139, 123, 109, 99, 91, 83, 76, 72, 65, 55, 43, 33, 36, 55, 82, 108, 125, 132, 131, 131, 130, 130, 130, 130, 129, 129, 126, 122, 118, 114, 111, 110, 109, 101, 85, 62, 38, 20, 11, 9, 9, 9, 8, 8, 8, 8, 8, 8, 8, 8, 8, 8, 8, 8, 8, 8, 7, 8, 7, 7, 7, 7, 7, 7, 7, 7, 7, 7, 7
  30, 30, 30, 30, 30, 30, 30, 30, 29, 29, 29, 29, 28, 28, 27, 25, 22, 19, 19, 19, 21, 22, 21, 18, 15, 12, 11, 12, 15, 18, 23, 28, 32, 35, 37, 37, 37, 36, 35, 34, 34, 35, 35, 36, 36, 36, 36, 35, 34, 33, 31, 28, 23, 19, 16, 15, 16, 17, 18, 18, 17, 22, 39, 66, 98, 133, 159, 177, 191, 199, 203, 203, 202, 199, 196, 193, 189, 185, 179, 170, 158, 142, 125, 112, 101, 93, 90, 86, 83, 78, 68, 53, 38, 28, 33, 55, 83, 110, 129, 136, 137, 136, 135, 135, 135, 134, 134, 132, 129, 125, 120, 116, 114, 114, 112, 103, 86, 62, 38, 20, 12, 9, 9, 9, 8, 8, 8, 8, 8, 8, 8, 8, 8, 8, 8, 8, 8, 7, 7, 7, 7, 7, 7, 7, 7, 7, 7, 7, 7, 7, 7
  29, 29, 29, 29, 29, 29, 29, 29, 29, 29, 29, 28, 28, 28, 27, 25, 22, 20, 19, 19, 21, 23, 22, 19, 16, 14, 12, 12, 13, 14, 16, 19, 22, 25, 27, 28, 29, 29, 30, 31, 31, 32, 32, 32, 32, 31, 30, 29, 28, 26, 24, 21, 18, 16, 15, 15, 17, 18, 19, 19, 17, 20, 33, 54, 82, 112, 138, 158, 173, 182, 186, 188, 187, 184, 178, 172, 167, 162, 157, 151, 143, 130, 119, 110, 104, 102, 102, 98, 91, 80, 65, 47, 32, 23, 30, 53, 83, 111, 133, 143, 146, 146, 145, 144, 143, 142, 142, 140, 138, 134, 129, 124, 121, 120, 118, 109, 91, 66, 41, 22, 12, 9, 9, 9, 8, 8, 8, 8, 8, 8, 8, 8, 8, 8, 8, 8, 8, 7, 7, 7, 7, 7, 7, 7, 7, 7, 7, 7, 7, 7, 7
  29, 29, 29, 29, 29, 29, 29, 29, 29, 29, 28, 28, 28, 28, 27, 25, 22, 20, 19, 20, 22, 23, 23, 21, 18, 15, 13, 12, 12, 12, 13, 14, 15, 17, 19, 21, 22, 24, 25, 27, 28, 28, 28, 28, 27, 26, 25, 23, 22, 20, 18, 17, 15, 14, 15, 16, 18, 19, 20, 19, 18, 19, 26, 40, 60, 83, 105, 122, 136, 146, 151, 154, 155, 154, 151, 147, 144, 140, 137, 134, 130, 124, 121, 118, 116, 114, 110, 102, 89, 74, 56, 38, 25, 18, 27, 51, 80, 110, 132, 143, 148, 151, 152, 153, 154, 153, 152, 149, 146, 142, 138, 133, 130, 129, 126, 116, 98, 71, 44, 24, 13, 9, 9, 9, 8, 8, 8, 8, 8, 8, 8, 8, 8, 8, 8, 8, 8, 7, 7, 7, 7, 7, 7, 7, 7, 7, 7, 7, 7, 7, 7
  28, 28, 28, 28, 28, 29, 29, 29, 29, 29, 28, 28, 28, 28, 27, 25, 22, 20, 19, 20, 22, 24, 24, 22, 20, 17, 15, 13, 12, 11, 11, 11, 12, 13, 14, 16, 17, 19, 20, 22, 23, 23, 23, 22, 21, 20, 19, 18, 17, 15, 14, 14, 13, 14, 15, 17, 19, 20, 21, 20, 18, 17, 20, 26, 37, 53, 68, 82, 94, 102, 107, 112, 115, 116, 115, 113, 111, 109, 109, 109, 108, 107, 107, 107, 106, 104, 97, 87, 73, 58, 42, 29, 18, 14, 25, 49, 78, 107, 130, 141, 146, 151, 154, 156, 158, 159, 158, 158, 156, 152, 147, 141, 137, 135, 130, 121, 102, 74, 46, 26, 13, 9, 9, 9, 8, 8, 8, 8, 8, 8, 8, 8, 8, 8, 8, 8, 8, 7, 7, 7, 7, 7, 7, 7, 7, 7, 7, 7, 7, 7, 7
  28, 28, 28, 28, 28, 28, 28, 28, 28, 28, 28, 28, 28, 27, 27, 25, 22, 20, 19, 20, 22, 24, 24, 23, 22, 19, 17, 14, 12, 11, 11, 10, 10, 11, 12, 13, 14, 15, 16, 17, 17, 18, 17, 17, 16, 15, 14, 14, 13, 13, 13, 13, 13, 14, 16, 18, 20, 21, 21, 20, 18, 16, 15, 16, 21, 28, 37, 46, 54, 60, 65, 71, 77, 80, 81, 80, 78, 75, 75, 76, 76, 78, 81, 83, 83, 82, 76, 66, 54, 42, 30, 21, 14, 12, 22, 45, 72, 100, 122, 135, 142, 148, 153, 157, 160, 160, 160, 159, 158, 154, 149, 143, 139, 137, 132, 122, 102, 74, 46, 26, 13, 9, 9, 9, 8, 8, 8, 8, 8, 8, 8, 8, 8, 8, 8, 8, 8, 8, 7, 7, 7, 7, 7, 7, 7, 7, 7, 7, 7, 7, 7
  28, 28, 28, 28, 28, 28, 28, 28, 28, 28, 28, 27, 27, 27, 26, 24, 22, 21, 20, 20, 22, 24, 24, 24, 23, 21, 18, 15, 13, 12, 11, 11, 10, 10, 11, 11, 11, 12, 12, 13, 13, 13, 13, 13, 12, 12, 12, 12, 12, 12, 13, 13, 13, 15, 17, 19, 21, 22, 22, 21, 19, 17, 15, 13, 13, 14, 17, 20, 25, 29, 34, 39, 43, 44, 45, 45, 45, 44, 45, 45, 45, 46, 48, 51, 53, 53, 48, 41, 33, 26, 20, 16, 12, 12, 20, 38, 63, 90, 114, 128, 137, 144, 150, 155, 158, 159, 159, 158, 157, 153, 147, 140, 135, 133, 128, 118, 98, 70, 43, 24, 12, 9, 9, 9, 8, 8, 8, 8, 8, 8, 8, 8, 8, 8, 8, 8, 8, 8, 7, 7, 7, 7, 7, 7, 7, 7, 7, 7, 7, 7, 7
  28, 28, 28, 28, 28, 28, 28, 28, 28, 27, 27, 27, 27, 26, 26, 25, 22, 21, 21, 21, 23, 24, 23, 23, 23, 22, 19, 17, 14, 12, 11, 11, 11, 11, 11, 11, 11, 10, 10, 10, 10, 10, 10, 11, 11, 11, 12, 12, 12, 13, 13, 13, 14, 16, 18, 20, 22, 23, 22, 21, 19, 17, 15, 15, 14, 13, 13, 12, 12, 13, 14, 15, 17, 18, 20, 22, 24, 25, 25, 24, 23, 24, 25, 27, 28, 27, 24, 22, 19, 17, 15, 14, 13, 12, 16, 30, 49, 72, 94, 109, 120, 129, 136, 142, 147, 149, 150, 150, 149, 146, 141, 135, 130, 127, 119, 106, 84, 58, 34, 19, 11, 9, 9, 9, 8, 8, 8, 8, 8, 8, 9, 9, 8, 8, 8, 8, 8, 8, 8, 7, 7, 7, 7, 7, 7, 7, 7, 7, 7, 7, 7
  27, 27, 27, 27, 27, 27, 27, 27, 27, 27, 27, 27, 26, 26, 26, 25, 22, 22, 23, 23, 24, 25, 24, 23, 23, 22, 21, 18, 15, 13, 12, 11, 11, 11, 11, 11, 11, 11, 11, 10, 10, 10, 11, 11, 11, 12, 12, 13, 13, 13, 13, 14, 15, 17, 19, 21, 23, 23, 23, 22, 20, 18, 17, 17, 17, 17, 15, 13, 11, 11, 11, 11, 11, 11, 11, 11, 11, 11, 12, 12, 12, 13, 13, 13, 13, 12, 12, 13, 13, 14, 14, 14, 14, 13, 14, 22, 35, 52, 70, 84, 95, 103, 110, 117, 123, 127, 129, 130, 129, 127, 123, 118, 113, 108, 98, 84, 64, 44, 26, 15, 10, 9, 9, 8, 8, 8, 8, 8, 8, 9, 9, 9, 9, 8, 8, 8, 8, 8, 8, 8, 7, 7, 7, 7, 7, 7, 7, 7, 7, 7, 7
  27, 27, 27, 27, 27, 27, 27, 27, 27, 27, 26, 26, 26, 26, 25, 25, 23, 23, 25, 26, 27, 27, 25, 23, 23, 23, 22, 20, 17, 15, 13, 12, 11, 11, 11, 11, 11, 11, 11, 11, 11, 11, 11, 12, 12, 13, 13, 13, 13, 14, 14, 15, 16, 18, 21, 22, 24, 24, 23, 22, 21, 19, 19, 21, 22, 21, 19, 16, 13, 11, 11, 11, 11, 11, 11, 11, 11, 11, 11, 11, 11, 11, 11, 11, 11, 11, 12, 12, 13, 14, 15, 15, 15, 14, 13, 17, 24, 35, 47, 58, 65, 71, 77, 83, 88, 93, 96, 97, 97, 96, 93, 91, 87, 82, 72, 60, 44, 30, 18, 12, 9, 9, 9, 8, 8, 8, 8, 8, 8, 9, 9, 9, 9, 8, 8, 8, 8, 8, 8, 8, 7, 7, 7, 7, 7, 7, 7, 7, 7, 7, 7
  27, 27, 27, 26, 26, 26, 26, 26, 26, 26, 26, 26, 25, 25, 25, 24, 23, 24, 27, 29, 30, 29, 26, 24, 23, 23, 23, 21, 19, 17, 15, 13, 12, 12, 12, 12, 12, 12, 12, 12, 12, 12, 12, 12, 13, 13, 14, 14, 14, 14, 15, 16, 18, 20, 22, 23, 24, 24, 24, 23, 22, 21, 22, 25, 27, 27, 24, 20, 15, 12, 11, 11, 11, 11, 11, 11, 11, 11, 11, 11, 11, 11, 11, 11, 11, 11, 12, 12, 13, 14, 15, 15, 15, 15, 13, 14, 16, 22, 28, 34, 38, 42, 46, 50, 54, 59, 62, 63, 63, 62, 61, 60, 58, 54, 46, 37, 27, 18, 12, 10, 9, 9, 9, 8, 8, 8, 8, 8, 8, 9, 9, 9, 8, 8, 8, 8, 8, 8, 8, 8, 7, 7, 7, 7, 7, 7, 7, 7, 7, 7, 7
  26, 26, 26, 26, 26, 26, 26, 26, 26, 26, 26, 25, 25, 25, 24, 24, 23, 24, 27, 29, 29, 28, 25, 22, 21, 22, 22, 21, 20, 18, 16, 15, 13, 12, 12, 12, 12, 12, 12, 12, 12, 13, 13, 13, 14, 14, 14, 15, 15, 15, 16, 17, 19, 21, 23, 24, 25, 25, 24, 23, 23, 23, 26, 30, 32, 32, 29, 24, 18, 14, 12, 12, 12, 12, 12, 12, 11, 11, 11, 11, 11, 11, 11, 11, 11, 11, 12, 13, 13, 14, 15, 15, 15, 15, 14, 13, 12, 13, 15, 17, 19, 20, 22, 25, 28, 31, 34, 34, 34, 33, 33, 33, 33, 30, 25, 20, 15, 12, 10, 9, 9, 9, 9, 8, 8, 8, 8, 8, 9, 9, 9, 9, 8, 8, 8, 8, 8, 8, 8, 7, 7, 7, 7, 7, 7, 7, 7, 7, 7, 7, 7
  26, 26, 26, 26, 26, 26, 26, 26, 26, 25, 25, 25, 25, 24, 24, 24, 23, 24, 25, 26, 26, 25, 22, 20, 19, 19, 20, 20, 19, 18, 17, 15, 14, 13, 12, 12, 12, 12, 12, 13, 13, 13, 13, 14, 14, 15, 15, 15, 15, 16, 17, 19, 21, 23, 24, 25, 25, 25, 24, 24, 25, 27, 30, 34, 36, 36, 33, 29, 23, 18, 15, 13, 12, 12, 12, 12, 12, 12, 12, 12, 12, 12, 11, 11, 11, 12, 12, 13, 14, 14, 15, 15, 15, 15, 14, 13, 13, 13, 13, 13, 13, 12, 12, 12, 14, 15, 16, 16, 16, 15, 15, 15, 14, 13, 12, 10, 10, 9, 9, 9, 9, 9, 9, 8, 8, 8, 8, 8, 9, 9, 9, 9, 9, 8, 8, 8, 8, 8, 8, 7, 7, 7, 7, 7, 7, 7, 7, 7, 7, 7, 7
  26, 26, 25, 25, 26, 26, 26, 26, 26, 25, 25, 25, 25, 24, 24, 24, 23, 23, 22, 22, 21, 20, 18, 16, 16, 16, 17, 17, 17, 17, 16, 15, 13, 13, 12, 12, 12, 12, 12, 12, 13, 13, 13, 14, 14, 14, 15, 15, 15, 16, 18, 20, 22, 24, 24, 24, 24, 24, 24, 24, 26, 29, 32, 36, 38, 38, 36, 33, 29, 24, 19, 16, 13, 12, 12, 12, 12, 12, 12, 12, 12, 12, 12, 12, 12, 12, 13, 14, 14, 15, 15, 15, 15, 15, 14, 14, 16, 17, 17, 16, 14, 11, 10, 10, 10, 10, 10, 9, 10, 10, 10, 10, 10, 10, 10, 10, 9, 9, 9, 9, 9, 9, 8, 8, 8, 8, 8, 9, 9, 9, 9, 9, 9, 8, 8, 8, 8, 8, 8, 8, 7, 7, 7, 7, 7, 7, 7, 7, 7, 7, 7
  25, 25, 25, 25, 25, 25, 25, 25, 25, 25, 25, 25, 25, 25, 24, 24, 23, 22, 20, 18, 17, 15, 14, 14, 13, 13, 14, 14, 15, 15, 14, 14, 13, 12, 12, 12, 12, 12, 12, 12, 12, 13, 13, 13, 13, 14, 14, 14, 15, 16, 18, 20, 21, 23, 23, 23, 23, 23, 23, 23, 26, 29, 32, 35, 37, 37, 36, 35, 32, 28, 23, 19, 15, 13, 12, 12, 12, 12, 12, 12, 12, 12, 12, 12, 13, 13, 13, 14, 14, 15, 15, 15, 15, 15, 15, 16, 18, 21, 22, 20, 17, 13, 11, 10, 10, 10, 10, 10, 10, 10, 10, 10, 10, 10, 10, 10, 9, 9, 9, 9, 9, 9, 8, 8, 8, 8, 8, 9, 9, 9, 9, 9, 9, 9, 8, 8, 8, 8, 8, 8, 8, 8, 7, 7, 7, 7, 7, 7, 7, 7, 7
  25, 25, 25, 25, 25, 25, 25, 25, 25, 25, 25, 25, 25, 25, 25, 24, 23, 22, 19, 17, 15, 13, 13, 12, 12, 12, 12, 13, 13, 13, 13, 13, 12, 12, 12, 11, 11, 11, 11, 11, 12, 12, 12, 12, 12, 13, 13, 14, 17, 22, 25, 26, 25, 23, 21, 20, 21, 21, 21, 22, 24, 27, 30, 32, 33, 33, 33, 33, 31, 29, 25, 21, 17, 14, 13, 12, 12, 12, 12, 12, 12, 12, 13, 13, 13, 13, 14, 14, 14, 14, 14, 15, 15, 14, 15, 16, 19, 23, 24, 23, 19, 15, 12, 11, 10, 10, 10, 10, 10, 10, 10, 10, 10, 10, 10, 10, 9, 9, 9, 9, 9, 9, 8, 8, 8, 8, 9, 9, 9, 9, 9, 9, 9, 9, 9, 8, 8, 8, 8, 8, 8, 8, 8, 7, 7, 7, 7, 7, 7, 7, 7
  24, 24, 24, 25, 25, 25, 25, 25, 25, 25, 25, 25, 25, 25, 25, 24, 24, 22, 20, 19, 17, 15, 14, 14, 13, 13, 13, 13, 13, 13, 13, 13, 13, 12, 12, 11, 11, 11, 11, 11, 11, 11, 12, 12, 12, 12, 12, 15, 25, 36, 45, 45, 39, 28, 21, 18, 18, 18, 18, 19, 20, 23, 25, 26, 27, 27, 28, 28, 28, 26, 24, 20, 17, 15, 13, 13, 12, 12, 12, 12, 12, 12, 13, 13, 13, 13, 13, 13, 13, 13, 14, 14, 14, 14, 14, 16, 19, 22, 23, 23, 19, 16, 13, 11, 10, 11, 11, 11, 10, 10, 10, 10, 10, 10, 10, 10, 9, 9, 9, 9, 9, 9, 8, 8, 8, 8, 9, 9, 9, 9, 9, 9, 9, 9, 9, 9, 8, 8, 8, 8, 8, 8, 8, 7, 7, 7, 7, 7, 7, 7, 7
  24, 24, 24, 25, 25, 25, 25, 25, 25, 25, 25, 25, 25, 25, 25, 24, 24, 23, 22, 21, 19, 18, 17, 15, 15, 14, 14, 14, 14, 14, 14, 14, 14, 13, 13, 12, 12, 11, 11, 11, 11, 11, 11, 11, 11, 11, 12, 18, 35, 55, 71, 72, 60, 39, 24, 16, 16, 16, 16, 16, 17, 19, 20, 21, 22, 22, 22, 22, 22, 22, 20, 19, 16, 15, 13, 13, 12, 12, 12, 12, 12, 12, 12, 13, 13, 13, 13, 13, 13, 13, 13, 13, 13, 13, 13, 14, 16, 18, 20, 20, 18, 15, 13, 11, 10, 10, 11, 11, 10, 10, 10, 10, 10, 10, 10, 10, 9, 9, 9, 9, 9, 9, 8, 8, 8, 9, 9, 9, 9, 9, 9, 9, 9, 9, 9, 9, 8, 8, 8, 8, 8, 8, 8, 8, 7, 7, 7, 7, 7, 7, 7
  24, 24, 24, 24, 25, 25, 25, 25, 25, 25, 25, 25, 25, 25, 25, 25, 24, 24, 23, 23, 22, 21, 19, 17, 16, 16, 16, 16, 15, 15, 15, 15, 15, 15, 14, 13, 13, 12, 12, 12, 12, 11, 11, 11, 11, 11, 12, 20, 45, 75, 101, 107, 92, 61, 36, 20, 16, 15, 15, 15, 16, 17, 18, 19, 19, 19, 18, 18, 18, 18, 18, 17, 16, 15, 14, 13, 12, 12, 12, 12, 12, 12, 12, 12, 12, 12, 12, 12, 12, 12, 12, 12, 12, 12, 12, 13, 14, 15, 16, 17, 16, 14, 12, 11, 10, 10, 10, 10, 10, 10, 10, 10, 10, 10, 10, 10, 9, 9, 9, 9, 9, 9, 8, 8, 8, 9, 9, 9, 9, 9, 9, 9, 9, 9, 9, 9, 8, 8, 8, 8, 8, 8, 8, 8, 8, 7, 7, 7, 7, 7, 7
  24, 24, 24, 25, 25, 25, 25, 25, 25, 25, 25, 25, 25, 25, 25, 25, 24, 24, 24, 24, 24, 22, 21, 19, 18, 17, 17, 17, 16, 16, 16, 16, 16, 16, 15, 15, 14, 13, 13, 12, 12, 12, 12, 12, 12, 12, 12, 21, 53, 90, 125, 139, 124, 86, 53, 28, 18, 15, 15, 16, 17, 18, 19, 19, 19, 18, 18, 17, 17, 17, 17, 17, 16, 16, 15, 14, 13, 13, 12, 12, 12, 12, 12, 12, 12, 12, 12, 12, 12, 12, 12, 12, 12, 12, 12, 12, 13, 13, 14, 14, 14, 13, 12, 11, 10, 10, 10, 10, 10, 10, 10, 10, 10, 10, 10, 9, 9, 9, 9, 9, 9, 9, 8, 8, 8, 9, 9, 10, 10, 10, 9, 9, 9, 9, 9, 9, 8, 8, 8, 8, 8, 8, 8, 8, 8, 8, 8, 7, 7, 7, 7
  24, 24, 25, 25, 25, 25, 25, 25, 25, 25, 25, 25, 25, 25, 25, 25, 25, 25, 25, 25, 24, 23, 22, 21, 19, 18, 17, 17, 17, 17, 17, 17, 17, 17, 16, 16, 15, 15, 14, 13, 13, 12, 12, 12, 12, 12, 13, 21, 55, 95, 137, 158, 151, 112, 74, 41, 24, 17, 17, 18, 19, 20, 21, 21, 20, 20, 19, 19, 19, 18, 18, 18, 18, 18, 17, 15, 14, 14, 13, 13, 13, 13, 12, 12, 12, 12, 12, 12, 12, 12, 12, 12, 12, 12, 12, 12, 13, 14, 14, 14, 14, 14, 13, 12, 11, 10, 10, 10, 10, 10, 10, 10, 10, 10, 9, 9, 9, 9, 9, 9, 9, 9, 8, 8, 9, 9, 9, 10, 10, 10, 10, 9, 9, 9, 9, 9, 8, 8, 8, 8, 8, 8, 8, 8, 8, 8, 8, 7, 7, 7, 7
  25, 25, 25, 25, 25, 25, 25, 25, 25, 25, 25, 25, 25, 25, 25, 25, 25, 25, 25, 25, 25, 24, 23, 22, 20, 19, 18, 18, 17, 17, 17, 17, 17, 17, 17, 17, 17, 16, 15, 14, 13, 13, 12, 12, 12, 13, 14, 20, 53, 94, 137, 166, 168, 133, 95, 57, 33, 20, 19, 20, 22, 22, 23, 23, 23, 22, 22, 21, 21, 21, 21, 21, 20, 20, 19, 18, 17, 16, 15, 14, 13, 13, 13, 13, 13, 13, 13, 13, 13, 13, 13, 12, 12, 12, 13, 14, 14, 15, 16, 15, 15, 14, 14, 13, 12, 11, 10, 10, 10, 10, 10, 10, 10, 9, 9, 9, 9, 9, 9, 9, 9, 9, 8, 8, 9, 9, 9, 10, 10, 10, 10, 10, 9, 9, 9, 9, 8, 8, 8, 8, 8, 8, 8, 8, 8, 8, 8, 7, 7, 7, 7
  24, 25, 25, 25, 25, 25, 25, 25, 25, 25, 25, 25, 25, 25, 25, 25, 25, 25, 25, 25, 25, 24, 24, 23, 22, 20, 19, 18, 18, 18, 18, 18, 18, 18, 18, 18, 17, 17, 16, 15, 15, 14, 13, 13, 13, 13, 14, 19, 50, 91, 136, 169, 180, 153, 115, 76, 45, 26, 21, 22, 23, 24, 24, 24, 24, 23, 23, 23, 22, 22, 22, 22, 22, 22, 21, 20, 19, 18, 17, 16, 15, 14, 14, 14, 13, 13, 13, 13, 13, 13, 13, 13, 13, 13, 14, 15, 16, 16, 17, 16, 16, 15, 15, 14, 13, 12, 11, 11, 10, 10, 10, 10, 10, 9, 9, 9, 9, 9, 9, 9, 9, 9, 8, 8, 9, 9, 9, 10, 10, 10, 10, 10, 9, 9, 9, 9, 8, 8, 8, 8, 8, 8, 8, 8, 8, 8, 8, 7, 7, 7, 7
  24, 24, 24, 24, 24, 24, 24, 24, 24, 24, 24, 24, 24, 24, 24, 24, 24, 24, 24, 25, 24, 24, 24, 23, 23, 22, 20, 20, 19, 18, 18, 18, 18, 18, 18, 18, 18, 18, 18, 17, 16, 15, 15, 14, 14, 15, 16, 18, 47, 88, 132, 167, 185, 166, 134, 96, 62, 37, 25, 24, 24, 25, 25, 24, 24, 24, 23, 23, 23, 23, 23, 23, 23, 23, 22, 22, 21, 20, 19, 18, 17, 16, 16, 15, 14, 14, 14, 14, 14, 14, 13, 13, 14, 14, 15, 16, 17, 17, 17, 17, 16, 16, 15, 15, 15, 14, 13, 12, 11, 10, 10, 10, 10, 10, 9, 9, 9, 9, 9, 9, 9, 9, 8, 8, 9, 9, 9, 10, 10, 10, 10, 10, 9, 9, 9, 9, 9, 8, 8, 8, 8, 8, 8, 8, 8, 8, 8, 8, 7, 7, 7
  24, 24, 24, 24, 24, 24, 24, 24, 24, 24, 24, 24, 24, 24, 24, 24, 24, 24, 24, 24, 24, 24, 24, 24, 23, 23, 22, 21, 20, 19, 19, 18, 18, 18, 18, 18, 19, 19, 19, 18, 18, 17, 17, 17, 16, 17, 17, 19, 44, 84, 128, 165, 188, 178, 153, 119, 84, 52, 33, 25, 25, 25, 25, 25, 24, 24, 24, 24, 24, 24, 24, 24, 23, 23, 23, 23, 23, 22, 21, 20, 19, 18, 18, 17, 17, 16, 16, 15, 15, 15, 15, 15, 15, 16, 17, 17, 18, 18, 17, 17, 17, 17, 17, 17, 17, 17, 17, 16, 16, 15, 14, 13, 12, 11, 11, 10, 10, 9, 9, 9, 9, 9, 8, 8, 9, 9, 10, 10, 10, 10, 10, 10, 9, 9, 9, 9, 9, 8, 8, 8, 8, 8, 8, 8, 8, 8, 8, 8, 8, 8, 8
  23, 23, 23, 23, 23, 23, 23, 24, 24, 24, 23, 23, 23, 23, 24, 24, 24, 24, 24, 24, 24, 24, 24, 24, 23, 23, 23, 22, 21, 20, 20, 19, 19, 19, 19, 19, 19, 20, 20, 20, 20, 19, 19, 19, 19, 19, 19, 20, 41, 80, 124, 163, 189, 188, 171, 143, 108, 72, 45, 29, 26, 25, 25, 25, 25, 24, 24, 24, 24, 24, 24, 24, 24, 24, 24, 24, 24, 23, 23, 22, 21, 21, 20, 19, 19, 18, 18, 17, 17, 17, 17, 17, 17, 17, 18, 18, 18, 18, 18, 18, 18, 20, 21, 23, 25, 26, 27, 28, 29, 31, 32, 32, 29, 25, 20, 15, 12, 10, 9, 9, 9, 9, 9, 9, 9, 9, 10, 10, 10, 10, 10, 10, 10, 9, 9, 9, 9, 9, 8, 8, 8, 8, 8, 8, 8, 8, 8, 8, 8, 8, 8
  23, 23, 23, 23, 23, 23, 23, 23, 23, 23, 23, 23, 23, 23, 23, 23, 23, 23, 23, 24, 24, 24, 24, 24, 24, 23, 23, 23, 22, 21, 21, 20, 20, 20, 20, 20, 20, 21, 21, 21, 21, 21, 21, 20, 20, 20, 20, 20, 38, 75, 119, 159, 189, 195, 185, 164, 133, 96, 62, 37, 28, 26, 26, 25, 25, 25, 25, 24, 25, 25, 25, 25, 25, 25, 24, 24, 24, 24, 24, 23, 23, 22, 22, 21, 21, 20, 20, 19, 19, 19, 18, 18, 18, 19, 19, 19, 19, 19, 18, 19, 21, 26, 33, 42, 49, 51, 51, 52, 54, 57, 61, 61, 59, 51, 40, 29, 19, 12, 10, 9, 9, 9, 9, 9, 9, 10, 10, 10, 10, 10, 10, 10, 10, 9, 9, 9, 9, 9, 9, 8, 8, 8, 8, 8, 8, 8, 8, 8, 8, 8, 8
  23, 23, 23, 23, 23, 23, 23, 23, 23, 23, 23, 23, 23, 23, 23, 23, 23, 23, 23, 23, 24, 24, 24, 23, 23, 23, 23, 23, 23, 22, 22, 21, 21, 21, 21, 21, 21, 21, 22, 22, 22, 22, 21, 21, 21, 21, 21, 21, 34, 69, 112, 155, 187, 199, 193, 180, 156, 120, 83, 51, 33, 26, 26, 26, 25, 25, 25, 25, 25, 25, 25, 25, 25, 25, 25, 25, 25, 24, 24, 24, 23, 23, 23, 23, 22, 22, 22, 21, 21, 20, 20, 20, 20, 19, 19, 19, 19, 19, 19, 20, 23, 35, 50, 67, 81, 87, 87, 87, 87, 89, 92, 90, 85, 74, 58, 41, 25, 15, 10, 9, 9, 9, 9, 9, 9, 10, 10, 11, 11, 10, 10, 10, 10, 10, 9, 9, 9, 9, 9, 9, 8, 8, 8, 8, 8, 8, 8, 8, 8, 8, 8
  23, 23, 23, 22, 22, 22, 23, 23, 23, 23, 23, 23, 23, 23, 23, 23, 23, 23, 23, 23, 23, 23, 23, 23, 23, 23, 23, 23, 23, 23, 22, 22, 22, 22, 22, 22, 22, 22, 22, 22, 22, 22, 21, 21, 21, 21, 20, 20, 29, 62, 105, 149, 184, 201, 198, 191, 174, 145, 107, 70, 44, 30, 26, 26, 26, 25, 25, 25, 25, 25, 25, 26, 25, 25, 25, 25, 25, 25, 25, 24, 24, 24, 23, 23, 23, 23, 22, 22, 22, 21, 21, 20, 20, 20, 20, 19, 19, 19, 19, 20, 25, 41, 62, 85, 102, 109, 107, 107, 106, 109, 113, 113, 108, 94, 75, 53, 32, 17, 12, 9, 9, 9, 9, 9, 10, 10, 11, 11, 11, 10, 10, 10, 10, 10, 10, 9, 9, 9, 9, 9, 9, 8, 8, 8, 8, 8, 8, 8, 8, 8, 8
  23, 22, 22, 22, 22, 22, 22, 23, 23, 23, 23, 23, 22, 23, 23, 23, 23, 23, 23, 23, 23, 23, 23, 23, 23, 23, 23, 23, 23, 22, 22, 22, 22, 22, 22, 23, 23, 22, 22, 22, 22, 22, 21, 21, 21, 20, 20, 20, 25, 54, 97, 142, 180, 202, 200, 196, 186, 165, 131, 93, 59, 37, 28, 26, 26, 26, 25, 25, 26, 26, 26, 26, 26, 26, 26, 26, 26, 25, 25, 25, 24, 24, 24, 23, 23, 23, 23, 22, 22, 21, 21, 21, 20, 20, 20, 20, 19, 19, 19, 21, 27, 45, 69, 96, 118, 128, 127, 127, 126, 127, 131, 132, 127, 111, 89, 62, 37, 20, 13, 10, 10, 10, 10, 10, 10, 11, 11, 11, 11, 11, 10, 10, 10, 10, 10, 9, 9, 9, 9, 9, 9, 9, 8, 8, 8, 8, 8, 8, 8, 8, 8
  22, 22, 22, 22, 22, 22, 22, 22, 22, 22, 22, 22, 22, 22, 23, 23, 23, 23, 23, 23, 23, 23, 23, 23, 23, 23, 23, 23, 22, 22, 22, 22, 22, 22, 22, 22, 22, 22, 22, 22, 22, 22, 21, 21, 20, 20, 19, 19, 21, 46, 87, 134, 174, 201, 202, 198, 193, 180, 153, 117, 80, 49, 32, 27, 26, 26, 26, 26, 26, 26, 26, 26, 26, 26, 26, 26, 26, 26, 26, 25, 25, 24, 24, 24, 23, 23, 23, 22, 22, 22, 21, 21, 21, 20, 20, 20, 20, 19, 19, 21, 26, 47, 72, 101, 127, 140, 141, 143, 140, 138, 138, 136, 129, 113, 91, 63, 39, 22, 14, 11, 11, 10, 11, 11, 11, 11, 11, 11, 11, 11, 10, 10, 10, 10, 10, 10, 9, 9, 9, 9, 9, 9, 9, 8, 8, 8, 8, 8, 8, 8, 8
  22, 22, 22, 22, 22, 22, 22, 22, 22, 22, 22, 22, 22, 22, 23, 23, 23, 23, 23, 23, 23, 23, 23, 23, 23, 23, 23, 22, 22, 22, 22, 22, 22, 22, 22, 22, 22, 22, 22, 22, 22, 22, 21, 21, 20, 20, 19, 18, 19, 39, 77, 124, 167, 198, 205, 200, 196, 189, 171, 141, 104, 68, 43, 30, 27, 26, 26, 26, 26, 26, 26, 26, 26, 26, 26, 27, 27, 26, 26, 25, 25, 24, 24, 24, 23, 23, 23, 22, 22, 22, 21, 21, 21, 20, 20, 20, 20, 20, 19, 21, 26, 46, 70, 97, 121, 134, 135, 137, 133, 129, 127, 123, 115, 100, 81, 57, 37, 22, 16, 12, 12, 11, 12, 12, 12, 12, 11, 11, 11, 11, 11, 10, 10, 10, 10, 10, 9, 9, 9, 9, 9, 9, 9, 9, 9, 9, 8, 8, 8, 8, 8
  21, 21, 21, 21, 21, 21, 22, 22, 22, 22, 22, 22, 22, 22, 22, 23, 23, 23, 23, 23, 23, 23, 23, 23, 23, 23, 22, 22, 22, 22, 22, 22, 22, 22, 22, 22, 22, 22, 22, 22, 22, 21, 21, 21, 20, 19, 19, 18, 18, 32, 67, 113, 158, 193, 206, 202, 198, 193, 183, 162, 129, 91, 59, 37, 28, 27, 27, 26, 26, 26, 26, 26, 27, 27, 27, 27, 27, 27, 26, 26, 25, 24, 24, 23, 23, 23, 22, 22, 22, 22, 21, 21, 21, 21, 20, 20, 21, 22, 25, 30, 39, 59, 80, 102, 118, 125, 121, 119, 115, 111, 110, 107, 101, 89, 74, 54, 36, 23, 17, 13, 13, 12, 12, 12, 12, 12, 12, 11, 11, 11, 11, 11, 11, 10, 10, 10, 10, 9, 9, 9, 9, 9, 9, 9, 9, 9, 9, 9, 8, 8, 8
  21, 21, 21, 21, 21, 21, 21, 21, 21, 22, 22, 22, 22, 22, 22, 22, 22, 22, 23, 23, 23, 23, 23, 23, 23, 22, 22, 22, 22, 22, 22, 22, 22, 22, 22, 22, 22, 22, 22, 22, 21, 21, 21, 21, 20, 19, 18, 18, 18, 26, 57, 101, 148, 187, 207, 205, 200, 195, 190, 179, 154, 118, 80, 49, 32, 27, 27, 27, 27, 27, 27, 27, 27, 27, 27, 27, 27, 27, 26, 26, 25, 24, 24, 23, 23, 23, 22, 22, 22, 22, 21, 21, 21, 21, 22, 26, 32, 40, 50, 60, 70, 89, 108, 124, 134, 134, 123, 114, 104, 95, 91, 86, 80, 72, 61, 47, 34, 23, 17, 13, 13, 13, 13, 13, 13, 12, 12, 12, 11, 11, 11, 11, 11, 11, 10, 10, 10, 9, 9, 9, 9, 9, 9, 9, 9, 9, 9, 9, 9, 9, 9
  21, 21, 21, 21, 21, 21, 21, 21, 21, 21, 22, 22, 22, 22, 22, 22, 22, 22, 22, 22, 22, 23, 23, 23, 22, 22, 22, 22, 22, 22, 22, 22, 22, 22, 22, 22, 22, 22, 22, 21, 21, 21, 21, 20, 20, 19, 18, 18, 18, 21, 48, 89, 136, 179, 206, 208, 204, 199, 196, 192, 175, 144, 106, 68, 41, 30, 27, 27, 27, 27, 27, 27, 27, 27, 27, 27, 27, 27, 26, 26, 25, 24, 24, 23, 23, 22, 22, 22, 21, 21, 21, 21, 21, 24, 31, 43, 58, 74, 88, 100, 111, 125, 138, 147, 148, 140, 123, 106, 89, 75, 67, 61, 58, 54, 49, 41, 32, 24, 18, 14, 14, 14, 13, 13, 13, 12, 12, 12, 11, 11, 11, 11, 11, 11, 11, 10, 10, 10, 10, 9, 9, 9, 9, 9, 9, 9, 9, 9, 9, 9, 9
  20, 20, 20, 20, 20, 21, 21, 21, 21, 21, 21, 22, 22, 22, 22, 22, 22, 22, 22, 22, 22, 22, 22, 22, 22, 22, 22, 22, 22, 22, 22, 22, 22, 22, 22, 22, 22, 22, 21, 21, 21, 21, 21, 20, 20, 19, 18, 18, 17, 19, 40, 78, 125, 170, 203, 210, 209, 205, 202, 201, 192, 168, 133, 93, 58, 38, 29, 27, 27, 27, 27, 27, 27, 27, 27, 27, 27, 27, 26, 26, 25, 24, 23, 23, 22, 22, 22, 21, 21, 21, 21, 21, 24, 34, 50, 71, 95, 115, 130, 141, 150, 159, 165, 166, 161, 150, 132, 111, 90, 71, 57, 49, 46, 45, 44, 38, 32, 24, 18, 14, 14, 14, 14, 13, 13, 13, 12, 12, 12, 12, 11, 11, 11, 11, 11, 10, 10, 10, 10, 10, 10, 9, 9, 9, 9, 9, 9, 9, 9, 9, 9
  20, 20, 20, 20, 20, 21, 21, 21, 21, 21, 21, 21, 21, 21, 21, 21, 21, 21, 22, 22, 22, 22, 22, 22, 22, 22, 22, 22, 22, 22, 22, 22, 22, 22, 22, 22, 22, 21, 21, 21, 21, 21, 20, 20, 20, 19, 18, 17, 17, 17, 34, 68, 114, 160, 198, 212, 213, 210, 208, 208, 204, 188, 160, 123, 84, 54, 37, 30, 28, 27, 27, 27, 27, 27, 27, 27, 27, 27, 26, 25, 25, 24, 23, 22, 22, 22, 21, 21, 21, 21, 21, 22, 32, 50, 76, 106, 134, 154, 166, 175, 181, 184, 185, 182, 176, 165, 152, 135, 114, 92, 72, 57, 49, 45, 44, 38, 32, 24, 18, 14, 14, 14, 14, 14, 13, 13, 12, 12, 12, 12, 12, 12, 11, 11, 11, 11, 10, 10, 10, 10, 10, 10, 10, 9, 9, 9, 9, 9, 9, 9, 9
  20, 20, 20, 20, 20, 20, 21, 21, 21, 21, 21, 21, 21, 21, 21, 21, 21, 21, 21, 21, 21, 21, 21, 21, 21, 21, 21, 21, 22, 22, 22, 22, 22, 22, 21, 21, 21, 21, 21, 21, 21, 20, 20, 20, 20, 19, 18, 17, 17, 17, 28, 59, 102, 149, 189, 211, 215, 215, 214, 213, 212, 203, 184, 154, 118, 84, 59, 44, 35, 31, 28, 27, 27, 27, 27, 27, 27, 26, 26, 25, 24, 24, 23, 22, 22, 21, 21, 21, 21, 20, 22, 26, 43, 71, 104, 139, 166, 182, 189, 192, 192, 191, 189, 187, 184, 179, 172, 160, 141, 118, 93, 70, 55, 47, 44, 39, 32, 24, 18, 14, 14, 14, 14, 14, 13, 13, 13, 12, 12, 12, 12, 12, 12, 11, 11, 11, 11, 11, 10, 10, 10, 10, 10, 10, 10, 10, 9, 9, 9, 9, 9
  19, 20, 20, 20, 20, 20, 20, 21, 21, 21, 21, 21, 21, 21, 21, 21, 21, 21, 21, 21, 21, 21, 21, 21, 21, 21, 21, 22, 24, 27, 31, 35, 37, 36, 33, 29, 25, 22, 21, 21, 21, 20, 20, 20, 19, 19, 18, 17, 17, 17, 23, 51, 91, 137, 179, 207, 215, 218, 218, 218, 217, 214, 204, 184, 157, 128, 101, 80, 62, 48, 36, 30, 27, 27, 27, 26, 26, 26, 26, 25, 24, 24, 23, 22, 22, 21, 21, 20, 20, 21, 26, 36, 60, 93, 129, 160, 182, 191, 192, 192, 190, 188, 186, 185, 183, 180, 177, 172, 160, 142, 115, 88, 65, 51, 44, 38, 31, 24, 18, 14, 14, 14, 14, 14, 13, 13, 13, 12, 12, 12, 12, 12, 12, 12, 12, 11, 11, 11, 11, 10, 10, 10, 10, 10, 10, 10, 10, 10, 9, 9, 9
  19, 19, 19, 20, 20, 20, 20, 20, 21, 21, 20, 20, 20, 20, 20, 20, 20, 20, 21, 21, 20, 20, 20, 20, 21, 24, 28, 34, 41, 48, 55, 60, 63, 62, 55, 45, 35, 27, 22, 21, 21, 20, 20, 20, 19, 19, 18, 17, 17, 17, 20, 43, 81, 126, 169, 201, 212, 217, 219, 220, 221, 221, 217, 208, 192, 173, 151, 130, 108, 86, 65, 50, 39, 32, 29, 27, 26, 26, 26, 25, 24, 24, 23, 22, 22, 21, 20, 20, 20, 23, 36, 53, 80, 114, 143, 165, 184, 190, 191, 190, 187, 186, 184, 183, 181, 179, 176, 175, 170, 158, 134, 104, 74, 52, 40, 34, 28, 22, 17, 14, 14, 14, 14, 14, 13, 13, 13, 13, 13, 12, 12, 12, 12, 12, 12, 11, 11, 11, 11, 11, 11, 11, 10, 10, 10, 10, 10, 10, 10, 10, 10
  19, 19, 19, 19, 20, 20, 20, 20, 20, 20, 20, 20, 20, 20, 20, 20, 20, 20, 20, 20, 20, 20, 20, 22, 26, 35, 46, 58, 68, 78, 86, 92, 96, 95, 87, 73, 57, 41, 30, 24, 21, 20, 20, 19, 19, 18, 18, 17, 16, 16, 18, 37, 72, 116, 160, 195, 209, 214, 217, 219, 222, 224, 224, 224, 219, 211, 198, 181, 160, 134, 108, 86, 68, 54, 44, 36, 30, 27, 26, 25, 24, 23, 23, 22, 21, 21, 20, 20, 21, 30, 52, 77, 104, 130, 148, 160, 174, 182, 185, 185, 183, 182, 181, 180, 179, 176, 173, 172, 169, 162, 141, 111, 79, 51, 35, 28, 24, 20, 16, 14, 14, 14, 14, 13, 13, 13, 13, 13, 13, 12, 12, 12, 12, 12, 12, 12, 11, 11, 11, 11, 11, 11, 11, 11, 10, 10, 10, 10, 10, 10, 10
  19, 19, 19, 19, 19, 19, 20, 20, 20, 20, 20, 19, 19, 19, 19, 19, 19, 19, 19, 19, 19, 19, 22, 29, 40, 55, 72, 87, 99, 109, 116, 122, 126, 126, 118, 105, 85, 64, 44, 31, 23, 20, 20, 19, 19, 18, 18, 17, 16, 16, 17, 32, 65, 107, 151, 187, 205, 211, 214, 217, 219, 223, 227, 232, 235, 235, 231, 221, 205, 180, 153, 126, 104, 86, 72, 57, 43, 33, 27, 25, 24, 23, 23, 22, 21, 20, 20, 20, 25, 41, 72, 103, 129, 145, 151, 152, 160, 169, 173, 176, 177, 176, 175, 174, 173, 171, 167, 165, 162, 155, 136, 108, 76, 48, 30, 23, 20, 17, 15, 14, 14, 14, 14, 13, 13, 13, 13, 13, 13, 12, 12, 12, 12, 12, 12, 12, 11, 11, 11, 11, 11, 11, 11, 11, 10, 10, 10, 10, 10, 10, 10
  19, 19, 19, 19, 19, 19, 19, 19, 19, 19, 19, 19, 19, 19, 19, 19, 19, 18, 18, 18, 19, 22, 30, 42, 59, 80, 99, 114, 126, 135, 140, 145, 148, 148, 141, 128, 109, 84, 59, 41, 28, 21, 20, 19, 19, 19, 18, 17, 16, 16, 17, 29, 60, 100, 143, 180, 201, 208, 211, 214, 216, 220, 227, 235, 241, 241, 242, 238, 229, 211, 188, 162, 139, 122, 107, 87, 65, 47, 34, 27, 24, 23, 22, 22, 21, 20, 20, 20, 31, 56, 93, 128, 152, 161, 157, 151, 152, 156, 159, 163, 164, 165, 164, 162, 160, 158, 155, 153, 149, 141, 125, 100, 71, 45, 27, 18, 17, 16, 15, 14, 14, 14, 14, 13, 13, 13, 13, 13, 13, 12, 12, 12, 12, 12, 12, 12, 11, 11, 11, 11, 11, 11, 11, 11, 11, 11, 10, 10, 10, 10, 10
  19, 19, 19, 19, 19, 19, 19, 19, 19, 19, 19, 19, 19, 18, 18, 18, 18, 18, 18, 18, 21, 28, 42, 61, 82, 103, 119, 130, 137, 141, 144, 146, 150, 152, 149, 142, 127, 105, 78, 55, 36, 25, 20, 19, 19, 19, 18, 17, 16, 16, 17, 27, 55, 93, 135, 172, 196, 204, 208, 211, 214, 220, 228, 234, 236, 232, 232, 231, 228, 219, 205, 184, 166, 152, 138, 118, 93, 68, 46, 32, 25, 23, 22, 21, 21, 20, 19, 22, 40, 72, 112, 148, 170, 173, 166, 157, 152, 152, 152, 153, 153, 152, 150, 147, 145, 142, 139, 136, 132, 125, 112, 92, 67, 44, 26, 17, 15, 15, 15, 14, 14, 14, 14, 13, 13, 13, 13, 13, 13, 13, 12, 12, 12, 12, 12, 12, 11, 11, 11, 11, 11, 11, 11, 11, 11, 11, 11, 10, 10, 10, 10
  19, 19, 19, 19, 19, 19, 18, 18, 18, 18, 18, 18, 18, 18, 18, 18, 18, 18, 18, 18, 24, 38, 58, 81, 103, 117, 124, 128, 130, 133, 137, 142, 146, 149, 149, 146, 137, 121, 97, 72, 49, 31, 22, 19, 19, 19, 18, 17, 16, 16, 17, 25, 50, 86, 128, 165, 192, 202, 207, 211, 216, 222, 231, 233, 227, 218, 214, 213, 213, 208, 199, 185, 175, 169, 160, 144, 120, 91, 63, 42, 28, 23, 22, 21, 20, 20, 19, 26, 51, 87, 127, 162, 181, 182, 176, 168, 161, 156, 153, 151, 148, 144, 141, 138, 137, 135, 134, 132, 127, 119, 107, 89, 67, 46, 30, 19, 15, 15, 15, 14, 14, 14, 14, 13, 13, 13, 13, 13, 13, 13, 12, 12, 12, 12, 12, 12, 11, 11, 11, 11, 11, 11, 11, 11, 11, 11, 11, 10, 10, 10, 10
  19, 19, 19, 19, 18, 18, 18, 18, 18, 18, 18, 18, 18, 18, 18, 17, 17, 17, 17, 20, 30, 50, 75, 99, 115, 120, 119, 120, 122, 127, 133, 138, 140, 143, 143, 141, 137, 128, 112, 89, 63, 41, 26, 20, 19, 19, 18, 17, 16, 16, 16, 23, 45, 80, 120, 158, 187, 200, 208, 214, 221, 228, 236, 235, 223, 209, 202, 198, 197, 195, 188, 178, 171, 170, 165, 155, 138, 111, 80, 53, 34, 24, 22, 21, 20, 20, 20, 32, 62, 101, 140, 172, 186, 187, 185, 180, 175, 168, 161, 154, 147, 142, 140, 139, 139, 138, 137, 133, 128, 119, 107, 90, 70, 49, 33, 21, 15, 15, 15, 14, 14, 14, 13, 13, 13, 13, 13, 13, 13, 13, 12, 12, 12, 12, 12, 12, 11, 11, 11, 11, 11, 11, 11, 11, 11, 11, 10, 10, 10, 10, 10
  18, 18, 18, 18, 18, 18, 18, 18, 18, 18, 18, 18, 17, 17, 17, 17, 17, 17, 17, 23, 38, 61, 86, 108, 117, 116, 112, 112, 115, 121, 127, 132, 134, 137, 138, 138, 137, 134, 124, 104, 78, 52, 31, 21, 19, 19, 18, 17, 16, 16, 16, 20, 40, 73, 112, 151, 184, 200, 211, 220, 228, 236, 242, 239, 225, 208, 196, 187, 185, 185, 179, 172, 168, 165, 162, 157, 147, 125, 96, 66, 41, 25, 21, 21, 20, 20, 22, 40, 73, 112, 150, 177, 186, 188, 188, 188, 185, 179, 168, 157, 148, 141, 140, 143, 145, 144, 145, 140, 134, 124, 110, 93, 73, 52, 35, 22, 15, 15, 14, 14, 14, 14, 14, 14, 13, 13, 13, 13, 13, 13, 13, 12, 12, 12, 12, 12, 11, 11, 11, 11, 11, 11, 11, 11, 11, 11, 10, 10, 10, 10, 10
  18, 18, 18, 18, 18, 18, 18, 18, 17, 17, 17, 17, 17, 17, 17, 16, 16, 16, 18, 28, 46, 71, 96, 114, 118, 114, 109, 108, 113, 121, 127, 130, 131, 133, 136, 139, 142, 142, 136, 119, 93, 63, 39, 24, 19, 18, 18, 17, 16, 16, 16, 18, 35, 67, 105, 147, 183, 204, 217, 229, 236, 242, 246, 243, 229, 213, 197, 184, 178, 176, 171, 167, 164, 160, 157, 154, 148, 132, 105, 75, 47, 28, 21, 20, 20, 20, 25, 49, 84, 123, 158, 179, 184, 186, 186, 186, 185, 179, 169, 159, 153, 146, 149, 152, 153, 153, 155, 148, 140, 130, 114, 95, 73, 52, 34, 22, 15, 15, 14, 14, 14, 14, 14, 14, 13, 13, 13, 13, 13, 13, 13, 12, 12, 12, 12, 12, 11, 11, 11, 11, 11, 11, 11, 11, 11, 11, 11, 10, 10, 10, 10
  18, 18, 18, 17, 18, 17, 17, 17, 17, 17, 17, 17, 17, 16, 16, 16, 16, 16, 20, 33, 53, 76, 99, 113, 113, 110, 109, 110, 118, 128, 132, 133, 132, 131, 132, 135, 142, 142, 141, 129, 104, 73, 49, 29, 20, 18, 18, 17, 16, 16, 16, 17, 34, 67, 108, 153, 192, 214, 227, 237, 242, 245, 247, 244, 234, 218, 201, 185, 174, 170, 167, 165, 162, 158, 155, 153, 148, 136, 111, 80, 52, 30, 21, 20, 20, 19, 30, 58, 93, 131, 163, 178, 181, 183, 183, 181, 179, 173, 164, 157, 155, 150, 156, 160, 163, 163, 166, 157, 147, 132, 112, 92, 69, 50, 33, 22, 15, 14, 14, 14, 14, 14, 14, 13, 13, 13, 13, 13, 13, 13, 12, 12, 12, 12, 12, 12, 12, 11, 11, 11, 11, 11, 11, 11, 11, 11, 11, 10, 10, 10, 10
  17, 17, 17, 17, 17, 17, 17, 17, 17, 17, 17, 16, 16, 16, 16, 16, 16, 17, 23, 39, 59, 81, 99, 110, 110, 110, 114, 115, 124, 133, 135, 133, 133, 128, 127, 130, 138, 140, 140, 135, 114, 84, 59, 35, 21, 18, 17, 17, 16, 16, 16, 17, 38, 75, 120, 167, 207, 226, 237, 244, 246, 246, 244, 241, 232, 217, 200, 184, 172, 167, 164, 162, 160, 157, 155, 152, 147, 137, 114, 85, 56, 34, 21, 20, 20, 20, 35, 66, 102, 138, 167, 177, 179, 181, 180, 177, 172, 165, 158, 155, 156, 155, 160, 162, 163, 162, 162, 152, 141, 125, 106, 86, 66, 47, 31, 22, 15, 14, 14, 14, 14, 14, 13, 13, 13, 13, 13, 13, 13, 13, 12, 12, 12, 12, 12, 12, 12, 11, 11, 11, 11, 11, 11, 11, 10, 10, 11, 10, 10, 10, 10
  17, 17, 17, 17, 17, 17, 17, 17, 17, 16, 16, 16, 16, 16, 16, 16, 16, 18, 27, 43, 62, 81, 96, 103, 106, 108, 115, 117, 126, 133, 135, 131, 131, 126, 125, 128, 136, 137, 138, 138, 122, 95, 70, 44, 25, 18, 17, 17, 16, 16, 16, 19, 45, 88, 137, 186, 224, 238, 246, 249, 249, 246, 240, 231, 217, 201, 186, 175, 169, 168, 166, 163, 161, 157, 154, 151, 146, 139, 119, 91, 62, 38, 22, 20, 19, 20, 40, 72, 109, 143, 168, 174, 175, 177, 176, 173, 169, 164, 161, 163, 166, 164, 164, 160, 159, 159, 159, 151, 139, 121, 101, 82, 61, 44, 29, 21, 15, 14, 14, 14, 14, 14, 13, 13, 13, 13, 13, 13, 13, 13, 12, 12, 12, 12, 12, 12, 12, 11, 11, 11, 11, 11, 11, 11, 10, 10, 10, 10, 10, 10, 10
  17, 17, 17, 17, 17, 17, 17, 17, 16, 16, 16, 16, 16, 16, 16, 16, 16, 20, 31, 48, 66, 83, 95, 101, 105, 108, 116, 119, 128, 134, 135, 130, 128, 120, 116, 117, 124, 127, 132, 136, 127, 105, 81, 53, 30, 20, 17, 17, 16, 16, 16, 21, 52, 99, 152, 202, 236, 245, 249, 251, 249, 246, 234, 218, 199, 182, 170, 167, 170, 173, 173, 170, 165, 159, 153, 150, 146, 141, 125, 100, 71, 44, 25, 19, 19, 22, 44, 77, 113, 146, 168, 172, 173, 173, 170, 166, 162, 162, 165, 171, 175, 174, 168, 161, 159, 157, 154, 146, 133, 115, 95, 77, 57, 40, 27, 19, 15, 14, 14, 14, 14, 14, 13, 13, 13, 13, 13, 13, 13, 12, 12, 12, 12, 12, 12, 12, 12, 11, 11, 11, 11, 11, 11, 11, 10, 10, 10, 10, 10, 10, 10
  16, 16, 17, 17, 17, 17, 17, 16, 16, 16, 16, 16, 16, 16, 16, 16, 16, 24, 37, 54, 71, 86, 93, 97, 101, 105, 112, 116, 122, 127, 127, 121, 119, 111, 105, 104, 110, 116, 124, 131, 129, 114, 90, 62, 37, 22, 17, 16, 16, 16, 16, 21, 53, 100, 153, 200, 230, 238, 242, 243, 245, 241, 225, 203, 181, 164, 156, 162, 168, 174, 175, 172, 166, 161, 153, 150, 148, 146, 135, 112, 81, 51, 28, 19, 19, 23, 45, 78, 115, 147, 167, 170, 170, 167, 163, 160, 157, 161, 168, 174, 177, 173, 164, 154, 149, 145, 141, 133, 120, 105, 89, 72, 54, 38, 24, 17, 14, 14, 14, 14, 14, 13, 13, 13, 13, 13, 13, 13, 12, 12, 12, 12, 12, 12, 12, 12, 11, 11, 11, 11, 11, 11, 11, 11, 10, 10, 10, 10, 10, 10, 10
  16, 16, 16, 16, 16, 16, 16, 16, 16, 16, 16, 16, 16, 16, 16, 15, 18, 29, 45, 62, 78, 90, 94, 98, 101, 104, 108, 111, 114, 114, 113, 109, 105, 99, 92, 91, 98, 107, 118, 129, 131, 122, 100, 73, 47, 26, 18, 16, 16, 15, 15, 21, 47, 87, 132, 171, 197, 207, 216, 223, 229, 225, 206, 182, 164, 151, 148, 159, 165, 170, 171, 169, 162, 157, 148, 145, 145, 146, 140, 120, 89, 57, 32, 20, 20, 26, 48, 79, 112, 141, 157, 159, 159, 158, 156, 156, 156, 161, 168, 174, 177, 172, 159, 144, 133, 123, 117, 111, 103, 94, 83, 67, 50, 34, 21, 15, 14, 14, 14, 14, 14, 13, 13, 13, 13, 13, 13, 12, 12, 12, 12, 12, 12, 12, 12, 11, 11, 11, 11, 11, 11, 11, 11, 11, 11, 10, 10, 10, 10, 10, 10
  16, 16, 16, 16, 16, 16, 16, 16, 16, 16, 16, 15, 15, 15, 15, 16, 22, 36, 53, 70, 84, 92, 95, 98, 99, 101, 102, 104, 105, 105, 105, 101, 95, 88, 81, 80, 89, 101, 115, 126, 131, 128, 112, 86, 58, 34, 20, 16, 16, 15, 15, 19, 38, 67, 101, 131, 151, 161, 175, 187, 196, 195, 180, 161, 151, 146, 146, 157, 160, 164, 165, 165, 156, 150, 140, 137, 139, 143, 142, 123, 94, 63, 40, 27, 28, 35, 55, 82, 111, 136, 150, 153, 153, 153, 152, 151, 152, 156, 160, 165, 166, 161, 148, 132, 117, 103, 95, 91, 88, 84, 76, 62, 45, 30, 18, 13, 13, 14, 14, 13, 13, 13, 13, 13, 13, 12, 12, 12, 12, 12, 12, 12, 12, 12, 11, 11, 11, 11, 11, 11, 11, 11, 11, 11, 11, 10, 10, 10, 10, 10, 10
  16, 16, 16, 16, 16, 16, 16, 16, 16, 16, 16, 15, 15, 15, 15, 18, 28, 46, 65, 82, 94, 99, 100, 102, 102, 101, 101, 101, 100, 100, 99, 96, 91, 83, 76, 75, 85, 99, 113, 125, 131, 132, 121, 97, 69, 42, 23, 16, 15, 15, 15, 16, 30, 51, 74, 95, 109, 118, 132, 147, 159, 162, 155, 147, 146, 146, 148, 155, 154, 155, 157, 156, 147, 139, 130, 127, 131, 139, 140, 123, 96, 69, 49, 38, 40, 46, 64, 87, 111, 133, 146, 148, 147, 146, 144, 142, 143, 146, 149, 152, 153, 149, 140, 125, 108, 90, 79, 74, 74, 74, 69, 56, 40, 26, 15, 12, 13, 13, 13, 13, 13, 13, 13, 13, 12, 12, 12, 12, 12, 12, 12, 11, 11, 11, 11, 11, 11, 11, 11, 11, 11, 11, 11, 11, 11, 10, 10, 10, 10, 10, 10
  16, 16, 16, 16, 16, 16, 16, 16, 16, 16, 15, 15, 15, 15, 15, 22, 37, 57, 77, 92, 100, 102, 103, 104, 104, 102, 101, 100, 98, 97, 97, 95, 90, 84, 79, 81, 91, 104, 117, 127, 132, 135, 128, 108, 81, 52, 30, 19, 16, 15, 15, 15, 27, 43, 61, 76, 87, 92, 104, 117, 128, 135, 137, 139, 144, 147, 148, 149, 146, 146, 148, 147, 137, 126, 117, 115, 122, 133, 137, 120, 97, 73, 56, 47, 49, 54, 68, 86, 107, 124, 135, 137, 139, 140, 141, 142, 143, 143, 143, 143, 143, 141, 134, 120, 102, 84, 71, 67, 67, 67, 62, 49, 34, 21, 13, 11, 12, 12, 13, 13, 13, 13, 13, 12, 12, 12, 12, 12, 12, 12, 11, 11, 11, 11, 11, 11, 11, 11, 11, 11, 11, 10, 11, 11, 11, 10, 10, 10, 10, 10, 10
  16, 16, 16, 16, 16, 16, 16, 16, 16, 15, 15, 15, 15, 15, 19, 31, 49, 70, 88, 100, 105, 107, 108, 109, 108, 106, 104, 102, 100, 99, 98, 97, 93, 86, 81, 84, 93, 107, 121, 131, 135, 138, 135, 119, 96, 68, 42, 25, 18, 15, 14, 15, 27, 43, 62, 77, 88, 90, 97, 105, 114, 123, 132, 139, 147, 151, 149, 144, 139, 137, 139, 140, 131, 118, 110, 109, 117, 129, 132, 116, 94, 74, 59, 53, 55, 58, 70, 86, 104, 120, 131, 134, 138, 141, 143, 142, 141, 139, 137, 136, 134, 132, 125, 114, 100, 85, 74, 68, 66, 62, 54, 41, 27, 17, 11, 10, 11, 12, 12, 13, 13, 12, 12, 12, 12, 12, 12, 12, 11, 11, 11, 11, 11, 11, 11, 11, 11, 11, 11, 11, 11, 10, 10, 10, 10, 10, 10, 10, 10, 10, 10
  15, 15, 15, 15, 15, 15, 15, 15, 15, 15, 15, 15, 15, 18, 27, 43, 63, 83, 98, 106, 109, 111, 112, 112, 112, 109, 107, 105, 103, 101, 101, 101, 97, 89, 82, 84, 93, 108, 124, 133, 135, 137, 137, 127, 109, 84, 57, 35, 21, 15, 14, 15, 29, 48, 70, 91, 105, 106, 108, 111, 118, 127, 138, 147, 152, 154, 149, 140, 132, 128, 129, 131, 127, 118, 113, 114, 120, 129, 129, 111, 89, 71, 58, 52, 54, 56, 66, 83, 102, 121, 135, 138, 141, 141, 139, 136, 133, 132, 131, 130, 127, 123, 117, 109, 99, 87, 77, 68, 63, 56, 46, 34, 22, 14, 10, 9, 10, 11, 11, 12, 12, 12, 12, 12, 12, 12, 12, 11, 11, 11, 11, 11, 11, 11, 10, 10, 10, 10, 10, 10, 10, 10, 10, 10, 10, 10, 10, 10, 10, 10, 10
  15, 15, 15, 15, 15, 15, 15, 15, 15, 15, 14, 15, 17, 24, 39, 59, 80, 97, 108, 112, 114, 115, 116, 115, 114, 113, 110, 107, 104, 102, 102, 102, 100, 93, 85, 87, 95, 109, 126, 135, 136, 137, 137, 132, 120, 99, 72, 47, 28, 17, 14, 15, 28, 50, 76, 101, 119, 124, 125, 127, 132, 139, 147, 153, 155, 154, 150, 139, 127, 118, 115, 117, 120, 119, 119, 119, 123, 126, 122, 104, 82, 64, 51, 46, 47, 48, 58, 74, 94, 112, 126, 129, 130, 132, 132, 132, 131, 131, 129, 126, 122, 119, 113, 107, 98, 87, 76, 66, 58, 48, 37, 27, 18, 12, 9, 9, 9, 10, 11, 11, 12, 12, 12, 12, 12, 12, 11, 11, 11, 11, 11, 11, 11, 11, 10, 10, 10, 10, 10, 10, 10, 10, 10, 10, 10, 10, 10, 10, 10, 10, 10
  15, 15, 15, 15, 15, 15, 15, 15, 14, 14, 14, 16, 22, 35, 55, 77, 96, 107, 114, 115, 115, 115, 116, 116, 115, 114, 111, 108, 105, 103, 102, 103, 102, 94, 87, 88, 96, 110, 125, 133, 134, 135, 136, 135, 130, 113, 89, 61, 37, 21, 15, 14, 26, 47, 75, 102, 124, 131, 134, 137, 141, 145, 149, 151, 151, 150, 148, 136, 122, 109, 103, 104, 111, 116, 119, 121, 122, 121, 114, 96, 74, 55, 43, 39, 41, 42, 52, 68, 88, 108, 123, 128, 131, 134, 136, 135, 133, 129, 124, 119, 115, 111, 105, 98, 88, 78, 67, 58, 50, 40, 29, 20, 13, 10, 9, 8, 9, 9, 10, 11, 11, 11, 12, 11, 11, 11, 11, 11, 11, 11, 11, 11, 11, 11, 10, 10, 10, 10, 10, 10, 10, 10, 10, 10, 10, 10, 10, 10, 10, 10, 10
  15, 15, 15, 14, 14, 14, 14, 14, 14, 14, 14, 19, 30, 48, 71, 93, 107, 114, 116, 115, 114, 114, 115, 114, 114, 113, 111, 108, 105, 103, 103, 105, 104, 99, 94, 93, 99, 110, 121, 127, 129, 131, 133, 134, 132, 121, 100, 73, 46, 26, 16, 14, 25, 45, 70, 97, 119, 128, 133, 137, 141, 144, 148, 149, 150, 149, 147, 136, 120, 104, 93, 91, 99, 107, 114, 119, 121, 118, 108, 87, 64, 47, 37, 35, 38, 41, 49, 66, 87, 108, 125, 132, 132, 132, 131, 128, 124, 122, 118, 114, 109, 103, 96, 89, 79, 68, 58, 48, 40, 31, 22, 15, 10, 9, 8, 8, 9, 9, 9, 10, 11, 11, 11, 11, 11, 11, 11, 11, 11, 11, 11, 10, 11, 10, 10, 10, 10, 10, 10, 10, 10, 10, 10, 10, 10, 10, 10, 10, 10, 10, 10
  15, 15, 15, 14, 14, 14, 14, 14, 14, 14, 16, 25, 41, 62, 85, 103, 113, 116, 117, 116, 114, 112, 111, 111, 111, 111, 110, 107, 105, 104, 105, 106, 107, 105, 103, 104, 108, 114, 119, 122, 123, 125, 128, 130, 131, 125, 109, 83, 57, 33, 20, 17, 27, 45, 69, 94, 115, 125, 130, 134, 137, 139, 142, 144, 146, 146, 146, 136, 119, 101, 89, 84, 91, 101, 112, 119, 121, 117, 103, 80, 57, 40, 32, 33, 37, 40, 46, 60, 80, 101, 119, 127, 128, 127, 124, 122, 119, 115, 110, 105, 100, 95, 89, 82, 71, 60, 50, 40, 32, 24, 18, 12, 9, 8, 8, 8, 8, 8, 9, 9, 10, 11, 11, 11, 11, 11, 11, 11, 11, 10, 10, 10, 10, 10, 10, 10, 10, 10, 10, 10, 10, 10, 10, 10, 10, 10, 10, 10, 10, 10, 10
  15, 15, 14, 14, 14, 14, 14, 14, 13, 14, 19, 33, 53, 75, 95, 108, 113, 115, 116, 115, 112, 110, 108, 107, 107, 107, 107, 106, 105, 104, 105, 106, 108, 110, 113, 115, 117, 119, 120, 121, 123, 125, 129, 131, 133, 131, 118, 95, 70, 46, 29, 25, 33, 48, 69, 91, 111, 121, 126, 129, 130, 131, 134, 138, 141, 143, 143, 133, 115, 100, 89, 87, 93, 104, 114, 120, 122, 117, 101, 78, 55, 38, 29, 31, 36, 39, 44, 55, 71, 91, 110, 121, 125, 125, 123, 120, 115, 109, 102, 95, 89, 84, 77, 70, 61, 52, 43, 34, 26, 19, 14, 10, 9, 8, 8, 8, 8, 8, 8, 9, 10, 10, 11, 11, 11, 11, 11, 11, 10, 10, 10, 10, 10, 10, 10, 10, 10, 10, 10, 10, 10, 10, 10, 10, 10, 10, 10, 10, 10, 10, 10
  14, 14, 14, 14, 14, 14, 14, 13, 13, 15, 25, 43, 65, 86, 102, 109, 111, 111, 111, 110, 108, 106, 103, 103, 103, 104, 103, 103, 103, 103, 105, 107, 110, 114, 118, 121, 123, 123, 123, 124, 126, 128, 131, 134, 136, 135, 125, 104, 81, 58, 41, 34, 39, 52, 69, 90, 109, 119, 124, 126, 126, 125, 127, 131, 135, 139, 140, 131, 118, 109, 101, 99, 103, 109, 117, 122, 123, 118, 102, 80, 59, 41, 30, 30, 35, 39, 42, 51, 64, 82, 101, 115, 121, 123, 119, 114, 107, 100, 93, 86, 79, 72, 65, 58, 51, 44, 36, 29, 22, 16, 11, 9, 8, 8, 8, 8, 8, 8, 8, 8, 9, 10, 11, 11, 11, 11, 11, 10, 10, 10, 10, 10, 10, 10, 10, 10, 10, 10, 10, 10, 10, 10, 10, 10, 10, 10, 10, 10, 10, 10, 10
  14, 14, 14, 14, 14, 14, 13, 13, 14, 19, 32, 53, 76, 95, 105, 108, 107, 107, 106, 105, 103, 101, 100, 99, 98, 99, 100, 101, 103, 105, 108, 111, 115, 119, 123, 126, 127, 128, 129, 130, 131, 133, 136, 138, 139, 138, 131, 112, 90, 68, 50, 41, 44, 54, 69, 87, 105, 117, 121, 124, 123, 121, 121, 125, 129, 134, 136, 131, 123, 116, 110, 108, 111, 118, 126, 128, 125, 116, 102, 83, 66, 48, 34, 29, 33, 37, 41, 46, 54, 67, 83, 98, 107, 110, 109, 104, 98, 91, 85, 78, 72, 65, 59, 52, 46, 39, 32, 25, 19, 13, 10, 9, 8, 8, 8, 8, 8, 8, 8, 8, 9, 9, 10, 11, 11, 11, 11, 10, 10, 10, 10, 10, 10, 10, 10, 10, 10, 10, 10, 10, 10, 9, 9, 10, 10, 10, 10, 10, 10, 10, 10
  14, 14, 14, 14, 14, 13, 13, 13, 15, 23, 41, 64, 86, 101, 107, 106, 105, 103, 102, 100, 98, 97, 96, 96, 95, 96, 98, 101, 105, 109, 113, 117, 121, 125, 128, 130, 131, 132, 134, 136, 138, 139, 140, 142, 142, 140, 133, 117, 96, 75, 57, 45, 44, 52, 67, 85, 103, 116, 120, 120, 119, 117, 116, 119, 123, 127, 130, 127, 122, 119, 117, 117, 120, 126, 132, 130, 122, 114, 103, 90, 77, 58, 40, 30, 30, 35, 39, 42, 46, 55, 67, 81, 93, 100, 102, 99, 94, 86, 78, 71, 64, 58, 52, 46, 39, 33, 27, 21, 16, 12, 9, 8, 8, 8, 8, 8, 8, 8, 8, 8, 8, 9, 10, 10, 11, 11, 11, 11, 11, 11, 10, 10, 10, 10, 10, 10, 10, 10, 10, 10, 10, 9, 9, 9, 10, 10, 10, 10, 10, 10, 10
  14, 14, 14, 14, 13, 13, 13, 13, 17, 29, 50, 74, 95, 107, 109, 106, 104, 101, 98, 96, 93, 93, 93, 93, 94, 97, 99, 104, 109, 113, 118, 121, 125, 128, 130, 132, 133, 134, 136, 138, 140, 140, 141, 141, 140, 137, 131, 116, 97, 76, 57, 43, 39, 46, 61, 80, 99, 113, 116, 116, 114, 112, 114, 117, 121, 125, 128, 128, 127, 125, 123, 122, 121, 124, 130, 129, 124, 120, 111, 101, 87, 68, 45, 31, 29, 33, 37, 40, 40, 45, 53, 65, 77, 87, 92, 92, 88, 81, 74, 67, 60, 54, 47, 40, 34, 28, 23, 18, 14, 11, 9, 8, 8, 8, 8, 8, 8, 8, 8, 8, 8, 9, 9, 10, 11, 11, 11, 11, 11, 11, 10, 10, 10, 10, 10, 10, 10, 10, 10, 10, 10, 9, 9, 9, 9, 9, 9, 9, 9, 10, 10
  14, 14, 14, 14, 13, 13, 13, 14, 20, 36, 59, 82, 102, 110, 110, 107, 104, 100, 97, 94, 91, 91, 93, 95, 97, 101, 104, 109, 114, 120, 124, 127, 129, 130, 131, 132, 133, 136, 138, 139, 139, 138, 137, 136, 134, 131, 126, 112, 93, 71, 52, 38, 34, 41, 57, 78, 99, 113, 117, 115, 113, 112, 114, 117, 121, 126, 130, 130, 128, 124, 119, 116, 115, 120, 128, 129, 126, 124, 117, 107, 96, 76, 51, 36, 30, 31, 35, 38, 38, 38, 43, 51, 61, 71, 77, 79, 77, 72, 66, 60, 54, 48, 42, 35, 29, 23, 19, 15, 13, 11, 9, 8, 8, 8, 8, 8, 8, 8, 8, 8, 8, 8, 9, 10, 10, 11, 11, 11, 11, 11, 10, 10, 10, 10, 10, 10, 10, 10, 10, 10, 10, 9, 9, 9, 9, 9, 9, 9, 9, 10, 10
  14, 14, 14, 13, 13, 13, 13, 16, 26, 44, 67, 90, 105, 112, 110, 107, 104, 100, 97, 95, 94, 95, 97, 100, 103, 107, 110, 115, 121, 126, 128, 130, 130, 129, 129, 131, 133, 136, 138, 137, 137, 134, 132, 131, 129, 126, 121, 107, 87, 65, 46, 33, 30, 37, 52, 73, 94, 110, 116, 115, 113, 113, 115, 119, 122, 126, 126, 124, 120, 115, 112, 113, 116, 122, 127, 128, 126, 125, 119, 110, 98, 77, 53, 38, 29, 29, 33, 36, 36, 34, 35, 39, 45, 53, 61, 64, 65, 63, 58, 53, 48, 42, 36, 29, 23, 19, 15, 14, 12, 11, 10, 9, 8, 8, 8, 8, 8, 8, 8, 8, 8, 8, 9, 9, 10, 10, 11, 11, 11, 11, 10, 10, 10, 10, 10, 10, 10, 10, 10, 10, 10, 9, 9, 9, 9, 9, 9, 9, 9, 9, 10
  14, 14, 14, 13, 13, 13, 14, 20, 32, 51, 74, 94, 107, 112, 111, 109, 107, 104, 102, 101, 101, 102, 105, 107, 110, 114, 117, 121, 125, 128, 129, 129, 128, 127, 127, 129, 132, 135, 136, 135, 133, 130, 127, 125, 123, 120, 115, 101, 81, 60, 42, 31, 29, 34, 47, 68, 89, 106, 116, 117, 116, 116, 118, 119, 122, 125, 125, 122, 118, 115, 113, 115, 117, 120, 121, 121, 120, 120, 114, 107, 94, 74, 52, 38, 29, 28, 32, 35, 35, 32, 30, 29, 32, 37, 44, 48, 50, 49, 47, 43, 38, 34, 28, 23, 18, 15, 13, 13, 12, 11, 10, 9, 8, 8, 8, 8, 8, 8, 8, 8, 8, 8, 8, 9, 10, 10, 11, 11, 11, 10, 10, 10, 10, 10, 10, 10, 10, 10, 10, 10, 10, 10, 9, 10, 9, 9, 9, 9, 9, 9, 9
  14, 14, 14, 13, 13, 13, 14, 22, 37, 57, 78, 96, 106, 110, 111, 110, 109, 107, 107, 107, 108, 110, 112, 113, 115, 118, 120, 122, 125, 126, 126, 126, 126, 125, 126, 128, 131, 134, 134, 132, 129, 125, 123, 121, 119, 116, 111, 94, 74, 53, 37, 28, 29, 32, 42, 60, 81, 100, 113, 118, 118, 118, 117, 118, 120, 122, 122, 119, 115, 111, 109, 111, 113, 117, 118, 119, 118, 114, 106, 97, 84, 67, 49, 36, 29, 27, 31, 34, 35, 32, 28, 25, 23, 24, 28, 32, 34, 35, 35, 32, 29, 26, 21, 18, 15, 13, 12, 12, 12, 11, 10, 9, 8, 8, 8, 8, 8, 8, 8, 8, 8, 8, 8, 9, 9, 10, 11, 11, 10, 10, 10, 10, 10, 10, 10, 10, 10, 10, 10, 10, 10, 10, 10, 10, 9, 9, 9, 9, 9, 9, 9
  14, 14, 14, 13, 13, 13, 14, 24, 40, 60, 80, 96, 103, 107, 109, 109, 109, 108, 109, 110, 113, 115, 117, 116, 116, 117, 119, 121, 124, 125, 125, 124, 124, 124, 125, 127, 130, 132, 131, 129, 126, 122, 120, 118, 116, 112, 104, 87, 66, 47, 33, 27, 28, 31, 38, 54, 73, 93, 108, 116, 116, 116, 115, 115, 116, 116, 114, 110, 106, 104, 105, 107, 108, 112, 113, 114, 113, 107, 98, 89, 77, 62, 47, 34, 27, 27, 31, 34, 36, 33, 29, 24, 20, 18, 18, 20, 22, 23, 23, 23, 21, 19, 16, 14, 12, 12, 11, 11, 11, 10, 9, 8, 8, 8, 8, 8, 8, 8, 8, 8, 8, 8, 8, 8, 9, 10, 10, 10, 10, 10, 10, 10, 10, 10, 10, 10, 10, 10, 10, 10, 10, 10, 10, 10, 10, 9, 9, 9, 9, 9, 9
  14, 14, 14, 13, 13, 13, 15, 25, 40, 59, 78, 93, 100, 104, 106, 108, 108, 109, 111, 114, 116, 118, 118, 115, 114, 113, 115, 118, 121, 122, 122, 121, 121, 121, 123, 126, 128, 129, 129, 126, 123, 119, 117, 115, 112, 107, 97, 79, 58, 40, 30, 25, 28, 30, 34, 47, 65, 84, 100, 110, 113, 114, 114, 114, 114, 112, 107, 104, 101, 101, 101, 100, 98, 101, 104, 109, 112, 106, 95, 84, 69, 55, 42, 30, 25, 26, 31, 35, 36, 35, 32, 27, 21, 16, 14, 14, 15, 16, 16, 16, 15, 14, 12, 11, 10, 10, 10, 10, 10, 9, 9, 8, 8, 8, 8, 8, 8, 8, 8, 8, 8, 8, 8, 8, 9, 10, 10, 10, 10, 10, 10, 10, 10, 10, 10, 10, 10, 10, 10, 10, 10, 10, 10, 9, 9, 9, 9, 9, 9, 9, 9
  13, 14, 14, 13, 13, 13, 15, 24, 39, 57, 75, 89, 95, 100, 103, 106, 109, 111, 113, 115, 116, 115, 113, 111, 108, 108, 110, 113, 117, 119, 119, 119, 119, 121, 124, 126, 128, 128, 126, 123, 120, 117, 113, 110, 107, 100, 89, 70, 50, 35, 26, 24, 27, 29, 32, 42, 57, 75, 90, 102, 106, 109, 111, 112, 112, 111, 108, 104, 99, 95, 90, 85, 83, 87, 94, 106, 113, 107, 95, 81, 65, 52, 40, 30, 25, 26, 31, 35, 37, 36, 34, 30, 24, 18, 14, 12, 12, 12, 12, 12, 11, 10, 10, 9, 9, 9, 9, 9, 9, 8, 8, 8, 8, 8, 8, 8, 8, 8, 8, 8, 8, 8, 8, 8, 9, 9, 10, 10, 10, 10, 10, 10, 10, 10, 10, 10, 10, 10, 10, 10, 10, 10, 9, 9, 9, 9, 9, 9, 9, 9, 9
  13, 13, 13, 13, 13, 13, 15, 24, 38, 55, 72, 85, 91, 96, 100, 104, 107, 109, 110, 111, 111, 111, 109, 107, 105, 106, 108, 110, 114, 115, 115, 116, 118, 120, 123, 125, 125, 124, 122, 119, 116, 112, 108, 105, 100, 91, 78, 60, 42, 30, 23, 23, 26, 28, 30, 37, 50, 64, 79, 91, 97, 102, 106, 108, 109, 108, 105, 99, 92, 85, 78, 71, 71, 76, 87, 106, 117, 112, 100, 81, 62, 49, 39, 30, 25, 26, 31, 35, 38, 37, 36, 33, 28, 22, 16, 13, 11, 11, 10, 10, 9, 9, 9, 9, 8, 8, 8, 8, 8, 8, 8, 8, 8, 7, 7, 8, 8, 8, 8, 8, 8, 8, 8, 8, 9, 9, 10, 10, 10, 10, 10, 10, 10, 10, 10, 10, 10, 10, 10, 10, 10, 9, 9, 9, 9, 9, 10, 10, 9, 9, 9
  13, 13, 13, 13, 13, 13, 15, 24, 37, 53, 68, 80, 86, 91, 97, 101, 105, 106, 106, 105, 104, 103, 102, 101, 101, 102, 104, 106, 109, 110, 110, 112, 114, 117, 119, 120, 119, 117, 115, 112, 109, 104, 100, 96, 90, 81, 68, 52, 36, 26, 22, 22, 25, 27, 28, 33, 42, 53, 66, 78, 86, 92, 98, 101, 103, 104, 103, 97, 88, 78, 69, 62, 65, 72, 85, 104, 113, 109, 97, 79, 59, 47, 37, 30, 26, 27, 32, 36, 38, 38, 37, 35, 30, 24, 18, 14, 11, 11, 10, 10, 9, 9, 8, 8, 8, 8, 8, 8, 8, 8, 8, 8, 8, 7, 7, 8, 8, 8, 8, 8, 8, 8, 8, 8, 8, 9, 10, 10, 10, 10, 10, 10, 10, 10, 10, 10, 10, 10, 10, 10, 10, 10, 9, 9, 10, 10, 10, 10, 9, 9, 9
  13, 13, 13, 13, 13, 13, 15, 23, 35, 49, 63, 74, 80, 85, 91, 96, 99, 100, 98, 97, 96, 95, 95, 95, 97, 99, 101, 102, 104, 104, 104, 107, 110, 112, 113, 113, 111, 108, 106, 103, 99, 94, 89, 86, 80, 71, 59, 44, 31, 23, 21, 22, 24, 27, 28, 30, 36, 44, 55, 65, 74, 82, 88, 93, 98, 100, 100, 93, 82, 70, 61, 57, 66, 76, 89, 103, 107, 100, 87, 70, 54, 44, 36, 30, 26, 28, 33, 37, 38, 37, 36, 33, 28, 23, 17, 13, 11, 10, 10, 9, 9, 8, 8, 8, 8, 8, 8, 8, 8, 8, 8, 8, 8, 7, 7, 8, 8, 8, 8, 8, 8, 8, 8, 8, 8, 9, 10, 10, 10, 10, 10, 10, 10, 10, 10, 10, 10, 10, 10, 10, 10, 10, 10, 10, 10, 10, 10, 9, 9, 9, 9
  13, 13, 13, 13, 13, 13, 14, 21, 32, 45, 58, 68, 73, 78, 84, 88, 92, 92, 90, 88, 87, 87, 89, 91, 93, 96, 98, 100, 100, 99, 99, 102, 104, 106, 106, 105, 102, 100, 97, 94, 89, 84, 79, 74, 68, 59, 48, 36, 27, 21, 20, 22, 24, 26, 27, 28, 30, 37, 45, 56, 66, 76, 81, 88, 93, 95, 96, 88, 77, 66, 62, 63, 74, 85, 96, 104, 101, 91, 77, 63, 50, 44, 36, 31, 28, 30, 33, 36, 36, 34, 31, 28, 24, 20, 15, 12, 10, 9, 9, 8, 8, 8, 8, 8, 8, 8, 8, 8, 8, 8, 8, 8, 8, 7, 7, 8, 8, 8, 8, 8, 8, 8, 8, 8, 8, 9, 9, 10, 10, 10, 10, 10, 10, 10, 10, 10, 10, 10, 10, 10, 10, 10, 10, 10, 10, 10, 9, 9, 9, 9, 9
  13, 13, 13, 13, 13, 12, 13, 19, 28, 39, 51, 60, 66, 71, 76, 80, 83, 83, 81, 80, 79, 80, 83, 86, 90, 93, 95, 96, 95, 94, 94, 96, 97, 98, 97, 97, 95, 92, 89, 85, 80, 74, 69, 64, 57, 48, 39, 30, 23, 19, 20, 22, 24, 25, 27, 27, 27, 32, 39, 49, 61, 71, 78, 84, 88, 89, 90, 83, 74, 67, 66, 72, 84, 95, 101, 99, 89, 78, 65, 54, 46, 41, 35, 30, 29, 30, 31, 31, 30, 27, 24, 21, 18, 15, 13, 10, 9, 8, 8, 8, 8, 8, 8, 8, 8, 8, 8, 8, 8, 8, 8, 8, 8, 7, 7, 8, 8, 8, 8, 8, 8, 8, 8, 8, 8, 9, 9, 10, 10, 10, 10, 10, 10, 10, 10, 10, 10, 10, 10, 10, 10, 10, 10, 10, 10, 10, 9, 9, 9, 9, 9
  13, 13, 13, 13, 13, 12, 12, 16, 24, 34, 44, 53, 58, 63, 68, 72, 76, 77, 77, 76, 75, 76, 78, 81, 85, 88, 89, 90, 90, 89, 89, 90, 90, 90, 91, 91, 89, 87, 83, 77, 71, 66, 60, 53, 46, 38, 31, 24, 21, 19, 19, 21, 23, 25, 27, 27, 26, 28, 34, 43, 55, 66, 74, 80, 82, 84, 84, 79, 72, 68, 69, 75, 86, 96, 98, 90, 76, 63, 51, 44, 40, 37, 31, 28, 26, 26, 26, 25, 23, 20, 18, 15, 13, 11, 10, 9, 9, 8, 8, 8, 8, 8, 8, 8, 8, 8, 8, 8, 8, 8, 8, 8, 8, 8, 8, 8, 8, 8, 8, 8, 8, 7, 8, 8, 8, 9, 10, 10, 10, 10, 10, 10, 10, 10, 10, 10, 10, 10, 10, 10, 10, 10, 10, 10, 10, 10, 9, 9, 9, 9, 9
  13, 13, 13, 13, 13, 12, 12, 15, 21, 30, 39, 48, 53, 57, 62, 67, 71, 72, 73, 72, 72, 73, 75, 78, 81, 83, 84, 85, 84, 84, 84, 84, 84, 84, 85, 86, 85, 82, 78, 71, 65, 58, 51, 44, 37, 29, 24, 21, 19, 18, 19, 20, 22, 24, 27, 27, 26, 26, 29, 36, 48, 60, 70, 76, 78, 79, 79, 76, 71, 67, 68, 73, 82, 89, 89, 81, 67, 55, 44, 37, 33, 30, 26, 23, 22, 21, 20, 18, 16, 14, 12, 11, 10, 10, 10, 10, 9, 9, 8, 8, 8, 8, 8, 8, 8, 8, 8, 8, 8, 8, 8, 8, 8, 8, 7, 8, 8, 8, 8, 8, 8, 7, 8, 8, 8, 9, 10, 10, 10, 10, 10, 10, 10, 10, 10, 10, 10, 10, 10, 10, 10, 10, 10, 10, 10, 10, 10, 9, 9, 9, 9
  13, 13, 13, 13, 12, 12, 11, 13, 18, 25, 34, 42, 47, 52, 56, 60, 64, 67, 68, 67, 67, 67, 68, 71, 74, 75, 75, 76, 77, 79, 80, 80, 80, 80, 81, 81, 80, 78, 73, 65, 58, 51, 43, 35, 28, 23, 20, 19, 19, 19, 19, 20, 22, 24, 26, 28, 26, 24, 25, 29, 38, 51, 63, 71, 75, 77, 78, 76, 72, 67, 65, 67, 73, 78, 78, 72, 60, 49, 39, 31, 26, 23, 19, 18, 17, 16, 14, 13, 12, 11, 11, 11, 11, 11, 11, 10, 10, 9, 8, 8, 8, 8, 8, 8, 8, 8, 8, 8, 8, 8, 8, 8, 8, 8, 7, 8, 8, 8, 8, 8, 8, 7, 8, 8, 9, 9, 10, 10, 10, 10, 10, 10, 10, 10, 10, 10, 10, 10, 10, 10, 10, 10, 10, 10, 10, 10, 10, 9, 9, 9, 9
  13, 13, 13, 13, 12, 12, 11, 12, 15, 21, 28, 36, 42, 46, 50, 53, 56, 59, 60, 59, 60, 60, 61, 63, 65, 65, 65, 66, 68, 71, 74, 75, 74, 73, 73, 74, 73, 71, 66, 58, 50, 42, 34, 27, 22, 18, 17, 18, 19, 19, 19, 20, 22, 24, 26, 28, 27, 24, 22, 22, 27, 37, 50, 60, 67, 72, 74, 73, 70, 65, 61, 59, 61, 64, 64, 59, 51, 40, 31, 24, 20, 16, 14, 12, 12, 11, 11, 11, 11, 11, 12, 12, 12, 12, 12, 11, 11, 10, 9, 8, 8, 8, 8, 8, 8, 8, 8, 8, 8, 8, 8, 8, 7, 7, 7, 8, 8, 8, 8, 8, 8, 8, 8, 8, 9, 10, 10, 10, 10, 10, 10, 10, 10, 10, 10, 10, 10, 10, 10, 10, 10, 10, 10, 10, 10, 10, 10, 9, 9, 9, 9
  13, 12, 12, 12, 12, 11, 11, 11, 13, 17, 23, 30, 36, 41, 44, 46, 48, 50, 51, 51, 52, 53, 54, 56, 57, 57, 58, 60, 62, 65, 68, 69, 70, 70, 69, 69, 68, 65, 60, 52, 43, 34, 26, 20, 17, 16, 17, 18, 19, 19, 19, 20, 22, 24, 26, 28, 28, 25, 21, 19, 21, 27, 37, 48, 57, 63, 68, 69, 68, 65, 60, 55, 53, 52, 50, 46, 40, 32, 24, 19, 15, 12, 11, 10, 10, 10, 11, 11, 12, 13, 13, 13, 13, 13, 13, 12, 11, 10, 10, 9, 8, 8, 8, 8, 8, 8, 8, 8, 8, 8, 8, 8, 7, 7, 7, 8, 8, 8, 8, 8, 8, 8, 8, 8, 9, 10, 10, 10, 10, 10, 10, 10, 10, 10, 10, 10, 10, 10, 10, 10, 10, 10, 10, 10, 10, 10, 9, 9, 9, 9, 9
  12, 12, 12, 12, 11, 11, 11, 11, 11, 13, 18, 24, 30, 35, 38, 40, 42, 43, 44, 44, 45, 45, 46, 47, 48, 50, 51, 54, 57, 61, 63, 65, 66, 66, 65, 64, 61, 57, 50, 43, 34, 26, 20, 17, 15, 15, 17, 18, 19, 20, 20, 21, 22, 24, 27, 28, 28, 26, 22, 19, 17, 20, 27, 37, 46, 53, 60, 63, 65, 65, 62, 55, 49, 42, 37, 32, 28, 23, 18, 14, 11, 10, 10, 10, 10, 11, 11, 12, 13, 13, 13, 13, 13, 13, 13, 12, 12, 11, 10, 9, 9, 8, 8, 8, 8, 8, 8, 8, 8, 8, 8, 8, 8, 8, 8, 8, 8, 8, 8, 8, 8, 8, 8, 9, 9, 10, 10, 10, 10, 10, 10, 10, 10, 10, 10, 10, 10, 10, 10, 10, 10, 10, 10, 10, 10, 10, 9, 9, 9, 9, 9
  13, 12, 12, 12, 11, 11, 10, 10, 10, 11, 14, 18, 24, 29, 33, 36, 37, 38, 38, 39, 39, 40, 40, 41, 42, 44, 46, 49, 52, 55, 57, 58, 60, 60, 60, 57, 54, 48, 40, 33, 26, 20, 16, 14, 14, 16, 17, 19, 20, 20, 20, 21, 23, 25, 27, 28, 28, 27, 23, 19, 16, 16, 20, 26, 32, 40, 47, 53, 57, 58, 56, 49, 41, 33, 27, 22, 19, 16, 13, 11, 10, 10, 10, 10, 10, 11, 12, 13, 13, 14, 14, 13, 13, 13, 13, 13, 12, 12, 11, 10, 9, 9, 8, 8, 8, 8, 8, 8, 8, 8, 8, 8, 8, 8, 8, 8, 8, 8, 8, 8, 8, 8, 9, 9, 10, 10, 10, 10, 10, 10, 10, 10, 10, 10, 10, 10, 10, 10, 10, 10, 10, 10, 10, 10, 10, 10, 9, 9, 9, 9, 9
  13, 13, 12, 11, 11, 10, 10, 10, 10, 11, 12, 15, 19, 25, 29, 33, 35, 35, 36, 36, 36, 37, 37, 37, 38, 40, 43, 46, 48, 50, 51, 51, 52, 52, 51, 49, 45, 38, 31, 25, 20, 16, 14, 14, 15, 16, 18, 20, 21, 21, 21, 22, 23, 25, 27, 28, 29, 28, 25, 21, 17, 14, 14, 17, 20, 26, 31, 37, 42, 45, 44, 40, 32, 25, 19, 14, 12, 11, 10, 10, 10, 10, 11, 11, 11, 11, 12, 13, 13, 14, 14, 14, 13, 13, 13, 13, 13, 12, 12, 11, 10, 9, 9, 8, 8, 8, 8, 8, 8, 8, 8, 8, 8, 8, 8, 8, 8, 8, 8, 8, 8, 8, 9, 9, 10, 10, 10, 10, 10, 10, 10, 10, 10, 10, 10, 10, 10, 10, 10, 10, 10, 10, 10, 10, 10, 10, 9, 9, 9, 9, 9
  13, 13, 12, 11, 11, 10, 10, 10, 10, 10, 11, 12, 15, 19, 24, 28, 31, 32, 33, 34, 34, 35, 35, 35, 36, 37, 39, 42, 44, 46, 46, 46, 45, 44, 43, 40, 35, 28, 22, 17, 15, 13, 13, 14, 15, 17, 19, 21, 21, 21, 21, 22, 24, 25, 27, 29, 29, 29, 27, 23, 19, 15, 13, 13, 15, 18, 21, 26, 29, 32, 32, 29, 23, 18, 14, 11, 10, 10, 10, 10, 11, 11, 11, 11, 11, 11, 12, 12, 13, 14, 14, 14, 13, 13, 13, 13, 13, 13, 12, 12, 11, 10, 9, 9, 8, 8, 8, 8, 8, 8, 8, 8, 8, 8, 8, 8, 8, 8, 8, 8, 9, 9, 9, 10, 10, 10, 10, 10, 10, 10, 10, 10, 10, 10, 10, 10, 10, 10, 10, 10, 10, 10, 10, 10, 10, 10, 10, 9, 9, 9, 10
  13, 13, 12, 11, 11, 10, 10, 10, 10, 10, 10, 10, 12, 14, 18, 22, 25, 28, 30, 31, 32, 33, 33, 33, 34, 34, 35, 37, 39, 40, 40, 39, 36, 33, 31, 27, 24, 19, 16, 14, 13, 13, 13, 14, 16, 19, 20, 22, 22, 21, 22, 23, 24, 26, 28, 30, 30, 30, 27, 24, 19, 15, 13, 12, 12, 13, 15, 17, 18, 19, 19, 17, 14, 12, 11, 10, 10, 10, 10, 11, 11, 11, 11, 11, 11, 11, 12, 12, 13, 14, 14, 14, 13, 13, 13, 13, 13, 13, 13, 12, 12, 11, 10, 9, 9, 9, 8, 8, 8, 8, 8, 8, 8, 8, 8, 8, 8, 8, 8, 9, 9, 9, 10, 10, 10, 10, 10, 10, 10, 10, 10, 10, 10, 10, 10, 10, 10, 10, 10, 10, 10, 10, 10, 10, 10, 10, 10, 10, 10, 10, 10
  13, 12, 12, 11, 11, 10, 10, 10, 10, 10, 10, 10, 10, 12, 14, 17, 20, 22, 24, 26, 28, 29, 30, 30, 31, 31, 31, 31, 32, 32, 31, 29, 27, 24, 22, 19, 16, 14, 13, 12, 12, 13, 14, 15, 18, 20, 21, 22, 22, 22, 22, 23, 25, 27, 28, 29, 29, 28, 25, 21, 18, 14, 12, 11, 11, 11, 11, 11, 11, 11, 11, 11, 10, 10, 10, 10, 10, 11, 11, 11, 11, 11, 11, 11, 11, 11, 12, 12, 13, 14, 14, 14, 14, 14, 13, 13, 13, 13, 13, 13, 12, 12, 11, 10, 10, 9, 9, 9, 9, 9, 8, 8, 8, 9, 8, 8, 8, 9, 9, 9, 10, 10, 10, 10, 10, 10, 10, 10, 10, 10, 10, 10, 10, 10, 10, 10, 10, 10, 10, 10, 10, 10, 10, 10, 10, 10, 10, 10, 10, 10, 10
  13, 12, 12, 11, 11, 10, 10, 10, 10, 10, 10, 10, 10, 10, 11, 12, 14, 17, 19, 21, 23, 24, 25, 26, 26, 26, 26, 26, 26, 25, 24, 22, 20, 18, 16, 14, 12, 11, 12, 12, 13, 14, 15, 17, 19, 21, 22, 23, 23, 22, 23, 24, 25, 26, 26, 26, 25, 23, 21, 18, 15, 13, 11, 11, 10, 10, 10, 10, 11, 10, 10, 10, 10, 10, 10, 10, 11, 11, 11, 11, 11, 11, 11, 11, 11, 11, 12, 12, 13, 14, 14, 14, 14, 14, 14, 14, 13, 13, 13, 13, 13, 12, 12, 11, 11, 10, 10, 9, 9, 9, 9, 9, 9, 9, 9, 9, 9, 9, 9, 10, 10, 10, 10, 10, 10, 10, 10, 10, 10, 10, 10, 10, 10, 10, 10, 10, 10, 10, 10, 10, 10, 10, 10, 10, 10, 10, 10, 10, 10, 10, 9
  12, 12, 12, 11, 11, 11, 11, 11, 10, 10, 10, 10, 10, 10, 10, 10, 11, 12, 14, 16, 18, 19, 20, 21, 21, 21, 20, 20, 19, 18, 17, 16, 14, 13, 12, 11, 11, 11, 12, 13, 14, 15, 16, 18, 20, 22, 23, 24, 23, 22, 22, 22, 23, 23, 22, 21, 20, 18, 16, 14, 13, 11, 11, 10, 10, 11, 11, 11, 11, 11, 11, 11, 11, 11, 11, 11, 11, 11, 11, 11, 11, 11, 11, 11, 11, 11, 12, 12, 13, 14, 14, 14, 14, 14, 14, 14, 14, 14, 13, 13, 13, 12, 12, 12, 11, 11, 11, 10, 10, 10, 10, 10, 10, 10, 10, 10, 10, 10, 10, 10, 10, 10, 10, 10, 10, 10, 10, 10, 10, 10, 10, 10, 10, 10, 10, 10, 10, 10, 10, 10, 10, 10, 10, 10, 10, 10, 10, 9, 9, 9, 9
  12, 12, 12, 11, 11, 11, 11, 11, 11, 10, 10, 10, 10, 10, 10, 9, 10, 10, 12, 13, 14, 15, 15, 16, 16, 16, 15, 15, 14, 13, 12, 12, 11, 10, 10, 10, 11, 11, 13, 14, 15, 16, 17, 19, 21, 23, 24, 24, 24, 22, 22, 22, 21, 20, 18, 17, 15, 14, 12, 12, 11, 11, 11, 11, 11, 11, 11, 11, 11, 11, 11, 11, 11, 11, 11, 11, 11, 11, 11, 11, 11, 11, 11, 11, 11, 11, 12, 12, 13, 14, 14, 14, 14, 14, 14, 14, 14, 14, 14, 13, 13, 12, 12, 12, 12, 12, 11, 11, 11, 11, 10, 10, 10, 10, 10, 10, 10, 10, 10, 10, 10, 10, 10, 10, 11, 11, 11, 10, 10, 10, 10, 10, 10, 10, 10, 10, 10, 10, 10, 10, 10, 10, 10, 10, 10, 10, 9, 9, 9, 9, 9
  12, 12, 12, 11, 11, 11, 10, 11, 10, 10, 10, 10, 10, 10, 10, 9, 10, 10, 11, 12, 12, 12, 13, 13, 13, 13, 13, 12, 12, 11, 10, 10, 10, 10, 10, 10, 11, 12, 13, 14, 15, 16, 17, 19, 21, 23, 24, 25, 24, 23, 22, 21, 20, 19, 17, 14, 12, 11, 11, 11, 11, 11, 11, 11, 11, 11, 11, 11, 11, 11, 11, 11, 11, 11, 11, 11, 11, 11, 11, 11, 11, 11, 12, 11, 11, 11, 12, 12, 13, 14, 14, 15, 15, 14, 14, 14, 14, 14, 14, 13, 13, 12, 12, 12, 12, 12, 12, 11, 11, 11, 11, 11, 10, 10, 10, 10, 10, 10, 10, 10, 10, 10, 10, 10, 10, 11, 11, 11, 10, 10, 10, 10, 10, 10, 10, 10, 10, 10, 10, 10, 10, 10, 10, 10, 10, 10, 9, 9, 9, 9, 9

